country,region_id,cal_region2,year,EM_ID,ibtracsID,emdat_impact,reference_year,emdat_impact_scaled,climada_impact,v_thresh,v_half,scale,log_ratio,unique_ID,Associated_disaster,Surge,Rain,Flood,Slide,Other,OtherThanSurge
FJI,242,OC,1980,1980-0036,1980081S12170,2256000.0,2014,8410828.037,8395962.203815963,25.7,39.20000000000019,1.0,-0.0017690274999408555,1980-0036FJI,False,False,False,False,False,False,False
USA,840,NA2,1980,1980-0080,1980214N11330,860000000.0,2014,5264166323.0,5256769039.214461,25.7,106.80000000000116,1.0,-0.0014062029182422239,1980-0080USA,False,True,False,False,False,False,False
PHL,608,WP2,1980,1980-0099,1980296N05165,102300000.0,2014,897149786.7,897162024.7170123,25.7,58.40000000000046,1.0,1.3640903364230517e-05,1980-0099PHL,False,False,False,False,False,False,False
PHL,608,WP2,1980,1980-0133,1980126N08150,289000.0,2014,2534470.072,2539189.469429978,25.7,70.10000000000063,1.0,0.0018603529671471562,1980-0133PHL,False,False,False,False,False,False,False
PHL,608,WP2,1981,1981-0083,1981256N10150,6700000.0,2014,53489704.34,53126575.00438097,25.7,37.60000000000017,1.0,-0.006811919193183849,1981-0083PHL,False,False,False,False,False,False,False
PHL,608,WP2,1981,1981-0101,1981319N07163,35000000.0,2014,279423828.6,279356846.86058843,25.7,86.50000000000088,1.0,-0.0002397425060457116,1981-0101PHL,False,False,False,False,False,False,False
MDG,450,SI,1981,1981-0110,1981351S12060,250000000.0,2014,742274546.2,139581097.16165614,25.7,25.8,1.0,-1.671073409078529,1981-0110MDG,False,False,False,False,False,False,False
NCL,540,OC,1981,1981-0111,1981353S09172,200000.0,2014,551603.3058,552274.440755469,25.7,147.10000000000173,1.0,0.0012159589959228412,1981-0111NCL,False,False,False,False,False,False,False
PHL,608,WP2,1981,1981-0112,1981355N07149,26000000.0,2014,207571987.0,207434161.76382118,25.7,106.60000000000116,1.0,-0.0006642081889939287,1981-0112PHL,False,False,False,False,False,False,False
PHL,608,WP2,1981,1981-0134,1981176N08150,7609000.0,2014,60746740.34,60552182.26117431,25.7,37.10000000000017,1.0,-0.0032079138297121746,1981-0134PHL,False,False,False,False,False,False,False
PHL,608,WP2,1981,1981-0138,1981317N14153,167000.0,2014,1333250.8390000002,4690972.593436437,25.7,325.70000000000425,1.0,1.2580197371702908,1981-0138PHL,False,False,False,False,False,False,False
TON,776,OC,1982,1982-0034,1982058S10185,21200000.0,2014,151622251.2,151685209.31229025,25.7,78.80000000000075,1.0,0.00041514384834540725,1982-0034TON,False,False,False,False,False,False,False
JPN,392,WP4,1982,1982-0090,1982202N11165,137000000.0,2014,585717153.3,585156603.8080705,25.7,169.70000000000206,1.0,-0.0009574892790137071,1982-0090JPN,False,False,False,False,False,False,False
PHL,608,WP2,1982,1982-0093,1982227N09140,6500000.0,2014,49805902.91,49825948.18381374,25.7,136.20000000000158,1.0,0.0004023868645248155,1982-0093PHL,False,False,False,False,False,False,False
MEX,484,NA1,1982,1982-0105,1982262N12270,82400000.0,2014,586753507.8,587911847.2537119,25.7,82.70000000000081,1.0,0.0019722039544007998,1982-0105MEX,False,False,False,False,False,False,False
IND,356,NI,1982,1982-0120,1982309N11064,625420000.0,2014,6353835704.0,6333077626.494347,25.7,53.000000000000384,1.0,-0.003272363495935277,1982-0120IND,False,False,False,False,False,False,False
USA,840,NA2,1982,1982-0124,1982324N10193,230000000.0,2014,1204787041.0,139213192.72618183,25.7,25.8,1.0,-2.1580515821044957,1982-0124USA,False,False,False,False,False,False,False
PHL,608,WP2,1982,1982-0174,1982190N09148,4500000.0,2014,34481009.7,34508564.46125639,25.7,53.000000000000384,1.0,0.0007988094739415995,1982-0174PHL,False,False,False,False,False,False,False
PHL,608,WP2,1982,1982-0176,1982325N08176,5000.0,2014,38312.233,109565.70823030283,25.7,325.70000000000425,1.0,1.0507551997787803,1982-0176PHL,False,False,False,False,False,False,False
AUS,36,OC,1982,1982-0255,1982095S11138,6864000.0,2014,51906694.26,24595091.36149185,25.7,25.8,1.0,-0.7469008807919809,1982-0255AUS,False,False,False,False,False,False,False
IND,356,NI,1982,1982-0313,1982150N13087,120000000.0,2014,1219117208.0,1213968599.8401306,25.7,40.700000000000216,1.0,-0.004232169558603066,1982-0313IND,False,False,False,False,False,False,False
FJI,242,OC,1983,1983-0047,1983054S15179,50000000.0,2014,199598757.6,200079843.9117241,25.7,59.900000000000496,1.0,0.002407367030637627,1983-0047FJI,False,False,False,False,False,False,False
FJI,242,OC,1983,1983-0057,1983082S11180,851000.0,2014,3397170.854,3043079.3722346886,25.7,25.8,1.0,-0.11007302934652129,1983-0057FJI,False,False,False,False,False,False,False
PYF,258,OC,1983,1983-0071,1983097S10224,21000000.0,2014,54194671.27,54184495.53578781,25.7,80.20000000000076,1.0,-0.0001877802633475682,1983-0071PYF,False,False,False,False,False,False,False
USA,840,NA2,1983,1983-0110,1983228N27270,3000000000.0,2014,14448395154.0,14460245256.092962,25.7,113.50000000000124,1.0,0.0008198312053825238,1983-0110USA,False,False,False,False,False,False,False
HKG,344,WP4,1983,1983-0121,1983239N10183,12544000.0,2014,122247467.4,122276578.59697206,25.7,247.1000000000032,1.0,0.0002381049846520409,1983-0121HKG,False,False,False,False,False,False,False
IND,356,NI,1983,1983-0129,1983274N18089,510000000.0,2014,4764703292.0,4789699612.880395,25.7,33.80000000000011,1.0,0.005232431196178048,1983-0129IND,False,False,False,False,False,False,False
MDG,450,SI,1983,1983-0157,1983339S10065,25000000.0,2014,75988123.11,76350597.59682204,25.7,34.90000000000013,1.0,0.004758805498650308,1983-0157MDG,False,False,False,False,False,False,False
MDG,450,SI,1984,1984-0034,1984094S10080,250000000.0,2014,907770830.7,395535661.2797569,25.7,25.8,1.0,-0.8307510069213122,1984-0034MDG,False,False,False,False,False,False,False
PHL,608,WP2,1984,1984-0105,1984302N00149,96600000.0,2014,875268514.8,874308890.01966,25.7,54.400000000000404,1.0,-0.0010969790464003784,1984-0105PHL,False,False,False,False,False,False,False
IND,356,NI,1984,1984-0110,1984314N09088,35000000.0,2014,336397308.3,336760286.31919783,25.7,153.50000000000182,1.0,0.0010784341060056026,1984-0110IND,False,False,False,False,False,False,False
FJI,242,OC,1985,1985-0044,1985070S17175,3000000.0,2014,11785953.11,11773200.92680731,25.7,99.30000000000105,1.0,-0.001082567261810613,1985-0044FJI,False,False,False,False,False,False,False
BGD,50,NI,1985,1985-0063,1985143N16088,50000000.0,2014,388010978.9,387689559.208411,25.7,73.80000000000071,1.0,-0.0008287211216022284,1985-0063BGD,True,True,False,True,False,False,True
USA,840,NA2,1985,1985-0104,1985240N20286,1100000000.0,2014,4434115752.0,4434804313.980564,25.7,91.50000000000091,1.0,0.00015527527068122,1985-0104USA,False,False,False,False,False,False,False
USA,840,NA2,1985,1985-0111,1985260N13336,900000000.0,2014,3627912888.0,3625496586.5926147,25.7,165.000000000002,1.0,-0.0006662526099569199,1985-0111USA,False,False,False,False,False,False,False
KOR,410,WP4,1985,1985-0118,1985268N03161,14000000.0,2014,197048615.5,198029017.50270352,25.7,37.70000000000017,1.0,0.004963095519813496,1985-0118KOR,False,False,False,False,False,False,False
USA,840,NA2,1985,1985-0126,1985299N25270,1500000000.0,2014,6046521480.0,6044937215.138289,25.7,72.90000000000067,1.0,-0.0002620469392023433,1985-0126USA,False,False,False,False,False,False,False
PHL,608,WP2,1985,1985-0190,1985162N05154,20000000.0,2014,185189963.4,183141092.23719552,25.7,31.90000000000009,1.0,-0.011125275830548408,1985-0190PHL,False,False,False,False,False,False,False
AUS,36,OC,1986,1986-0029,1986027S13145,70000000.0,2014,563514152.7,565444119.5522218,25.7,45.10000000000028,1.0,0.0034190258040950857,1986-0029AUS,False,False,False,False,False,False,False
MDG,450,SI,1986,1986-0042,1986067S11080,150000000.0,2014,491370641.1,493215306.7840605,25.7,53.3000000000004,1.0,0.00374709358059052,1986-0042MDG,False,False,False,False,False,False,False
SLB,90,OC,1986,1986-0065,1986135S07160,20000000.0,2014,111253691.9,110450052.78684098,25.7,37.50000000000017,1.0,-0.007249698322460863,1986-0065SLB,False,False,False,False,False,False,False
CHN,156,WP3,1986,1986-0081,1986179N11175,380000000.0,2014,13244203233.0,13188900321.867151,25.7,48.10000000000032,1.0,-0.004184373712266691,1986-0081CHN,False,False,False,False,False,False,False
TWN,158,WP4,1986,1986-0115,1986252N06153,80000000.0,2014,542490477.2860905,542431362.5854712,25.7,290.10000000000383,1.0,-0.0001089750404228804,1986-0115TWN,False,False,False,False,False,False,False
FJI,242,OC,1986,1986-0143,1986356S07183,20000000.0,2014,69498014.25,13482626.584064305,25.7,25.8,1.0,-1.6398962432669628,1986-0143FJI,False,False,False,False,False,False,False
PHL,608,WP2,1986,1986-0152,1986276N07177,36000000.0,2014,343006780.4,344811815.24947816,25.7,34.10000000000012,1.0,0.005248590266696848,1986-0152PHL,False,False,False,False,False,False,False
PHL,608,WP2,1986,1986-0153,1986343N05176,4000000.0,2014,38111864.49,38099421.54575161,25.7,272.6000000000035,1.0,-0.0003265381023256262,1986-0153PHL,False,False,False,False,False,False,False
VUT,548,OC,1987,1987-0057,1987035S12160,25000000.0,2014,155722786.8,155650596.26113707,25.7,48.900000000000325,1.0,-0.00046369114435349743,1987-0057VUT,False,False,False,False,False,False,False
KOR,410,WP4,1987,1987-0130,1987188N10151,325000000.0,2014,3138801397.0,3134047294.6383,25.7,99.50000000000105,1.0,-0.0015157717029824736,1987-0130KOR,False,False,False,False,False,False,False
CHN,156,WP3,1987,1987-0159,1987245N15133,120000000.0,2014,4608092264.0,4627134752.079154,25.7,40.700000000000216,1.0,0.004123886729167097,1987-0159CHN,False,False,False,False,False,False,False
BMU,60,NA1,1987,1987-0164,1987263N10309,50000000.0,2014,214952184.2,214688521.59115285,25.7,59.400000000000475,1.0,-0.0012273634150215568,1987-0164BMU,False,False,False,False,False,False,False
PHL,608,WP2,1987,1987-0212,1987320N03171,56000000.0,2014,480080890.5,479688254.88242215,25.7,170.00000000000202,1.0,-0.000818187668087491,1987-0212PHL,False,False,False,False,False,False,False
PHL,608,WP2,1987,1987-0239,1987219N08155,5600000.0,2014,48008089.05,47999808.51513859,25.7,105.50000000000112,1.0,-0.0001724969526870477,1987-0239PHL,False,False,False,False,False,False,False
PHL,608,WP2,1987,1987-0240,1987343N05154,8500000.0,2014,72869420.88,72908124.38051845,25.7,82.0000000000008,1.0,0.0005309940067748128,1987-0240PHL,False,False,False,False,False,False,False
PHL,608,WP2,1988,1988-0312,1988193N09149,11516000.0,2014,86504877.06,86385597.87409082,25.7,35.600000000000136,1.0,-0.0013798239015704122,1988-0312PHL,False,False,False,False,False,False,False
MEX,484,NA1,1988,1988-0430,1988253N12306,76000000.0,2014,550112928.0,550213379.8554538,25.7,168.40000000000202,1.0,0.0001825855748712338,1988-0430MEX,True,False,False,True,False,False,True
NIC,558,NA1,1988,1988-0481,1988285N09318,400000000.0,2014,1806289799.0,1817479172.1348128,25.7,36.500000000000156,1.0,0.006175564052361682,1988-0481NIC,False,False,False,False,False,False,False
PHL,608,WP2,1988,1988-0506,1988308N09140,149060000.0,2014,1119695812.0,1120889296.8480778,25.7,42.90000000000025,1.0,0.001065333297308934,1988-0506PHL,False,False,False,False,False,False,False
PHL,608,WP2,1988,1988-0557,1988306N15130,940000.0,2014,7061009.416,7131612.631629872,25.7,31.90000000000009,1.0,0.009949366341049128,1988-0557PHL,False,False,False,False,False,False,False
ATG,28,NA1,1989,1989-0115,1989254N13340,80000000.0,2014,232560060.9,233463359.62296844,25.7,49.300000000000345,1.0,0.0038766285746082004,1989-0115ATG,False,False,False,False,False,False,False
DMA,212,NA1,1989,1989-0115,1989254N13340,20000000.0,2014,56557045.94,56990741.94195158,25.7,40.700000000000216,1.0,0.007639041130878057,1989-0115DMA,False,False,False,False,False,False,False
KNA,659,NA1,1989,1989-0115,1989254N13340,46000000.0,2014,219073474.2,218799713.4114765,25.7,48.10000000000032,1.0,-0.0012504114521659432,1989-0115KNA,False,False,False,False,False,False,False
MSR,500,NA1,1989,1989-0115,1989254N13340,240000000.0,2014,240000000.0,54629110.58106854,25.7,25.8,1.0,-1.480072021845435,1989-0115MSR,False,False,False,False,False,False,False
USA,840,NA2,1989,1989-0115,1989254N13340,7000000000.0,2014,21678841358.0,21687159988.554527,25.7,116.40000000000128,1.0,0.00038364757636205144,1989-0115USA,False,False,False,False,False,False,False
VIR,850,NA1,1989,1989-0115,1989254N13340,21800000.0,2014,58754072.56,58790887.87131226,25.7,159.9000000000019,1.0,0.0006264039288622601,1989-0115VIR,False,False,False,False,False,False,False
PHL,608,WP2,1989,1989-0120,1989190N20160,61000000.0,2014,407741184.1,407187405.6653612,25.7,81.00000000000078,1.0,-0.0013590847758553472,1989-0120PHL,False,False,False,False,False,False,False
PHL,608,WP2,1989,1989-0125,1989279N07151,59200000.0,2014,395709477.0,395579902.6649594,25.7,249.3000000000032,1.0,-0.0003275017699684729,1989-0125PHL,False,False,False,False,False,False,False
PHL,608,WP2,1989,1989-0126,1989286N14137,35400000.0,2014,236623572.4,236735425.561558,25.7,87.60000000000088,1.0,0.00047259337678794757,1989-0126PHL,False,False,False,False,False,False,False
PHL,608,WP2,1989,1989-0132,1989314N10152,325000.0,2014,2172391.554,2172693.5937370714,25.7,298.7000000000039,1.0,0.00013902592344598489,1989-0132PHL,False,False,False,False,False,False,False
KOR,410,WP4,1989,1989-0265,1989201N11145,176500000.0,2014,1022890325.0,1028251600.5064226,25.7,50.10000000000035,1.0,0.005227612628000046,1989-0265KOR,False,False,False,False,False,False,False
AUS,36,OC,1989,1989-0398,1989089S11158,94300000.0,2014,461534104.7,461070798.6819542,25.7,71.50000000000065,1.0,-0.0010043433658164945,1989-0398AUS,False,False,False,False,False,False,False
IND,356,NI,1990,1990-0019,1990124N09088,580000000.0,2014,3684645392.0,3694898103.479332,25.7,74.10000000000069,1.0,0.0027786862649323693,1990-0019IND,False,False,False,False,False,False,False
CHN,156,WP3,1990,1990-0037,1990166N06141,16000000.0,2014,464775602.6,466700655.0211113,25.7,41.60000000000022,1.0,0.004133342414423336,1990-0037CHN,False,False,False,False,False,False,False
CHN,156,WP3,1990,1990-0038,1990171N11148,28000000.0,2014,813357304.5,812769447.7093841,25.7,106.60000000000116,1.0,-0.0007230147532173781,1990-0038CHN,False,False,False,False,False,False,False
FJI,242,OC,1990,1990-0121,1990327S07175,10000000.0,2014,33532784.13,33571889.312551826,25.7,130.30000000000152,1.0,0.001165498167932127,1990-0121FJI,False,False,False,False,False,False,False
CHN,156,WP3,1990,1990-0390,1990202N13130,83000000.0,2014,2411023438.0,2403268533.0730066,25.7,57.00000000000044,1.0,-0.003221620824342053,1990-0390CHN,False,False,False,False,False,False,False
MEX,484,NA1,1990,1990-0393,1990216N13281,90700000.0,2014,456380159.7,457720406.2661116,25.7,59.60000000000048,1.0,0.002932385289752819,1990-0393MEX,False,False,False,False,False,False,False
CHN,156,WP3,1990,1990-0402,1990235N10152,688000000.0,2014,19985350911.0,20029007454.86795,25.7,85.00000000000084,1.0,0.0021820447945547646,1990-0402CHN,False,False,False,False,False,False,False
CHN,156,WP3,1990,1990-0405,1990245N16149,154000000.0,2014,4473465175.0,4474420770.795237,25.7,103.60000000000109,1.0,0.00021359141246521366,1990-0405CHN,False,False,False,False,False,False,False
JPN,392,WP4,1990,1990-0407,1990251N06171,4000000000.0,2014,6193036523.0,6196291658.396988,25.7,178.10000000000218,1.0,0.0005254740893501609,1990-0407JPN,False,False,False,False,False,False,False
AUS,36,OC,1990,1990-0422,1990350S11165,155600000.0,2014,733330742.5,736672274.2885009,25.7,43.20000000000024,1.0,0.004546300253541361,1990-0422AUS,False,False,False,False,False,False,False
BGD,50,NI,1991,1991-0120,1991113N10091,1780000000.0,2014,9940604678.0,9948189982.245363,25.7,65.30000000000057,1.0,0.0007627716754801577,1991-0120BGD,True,False,False,True,False,False,True
USA,840,NA2,1991,1991-0218,1991228N26286,1500000000.0,2014,4256954560.0,4261266006.338247,25.7,91.00000000000091,1.0,0.0010122881117814015,1991-0218USA,False,False,False,False,False,False,False
WSM,882,OC,1991,1991-0364,1991338S08181,278000000.0,2014,1782167001.0,1782019359.2950602,25.7,42.60000000000024,1.0,-8.284735426240205e-05,1991-0364WSM,False,False,False,False,False,False,False
PHL,608,WP2,1991,1991-0382,1991289N06156,90000000.0,2014,563936202.8,562823931.5015831,25.7,54.80000000000041,1.0,-0.001974282947789777,1991-0382PHL,False,False,False,False,False,False,False
JPN,392,WP4,1991,1991-0526,1991200N05157,81500000.0,2014,110285260.8,110330966.91267036,25.7,66.30000000000058,1.0,0.0004143495136161319,1991-0526JPN,False,False,False,False,False,False,False
JPN,392,WP4,1991,1991-0539,1991256N13171,10000000000.0,2014,13531933846.0,13532696954.866478,25.7,131.0000000000015,1.0,5.639159627161529e-05,1991-0539JPN,False,False,False,False,False,False,False
THA,764,WP1,1991,1991-0710,1991220N10133,8323000.0,2014,34512098.63,34986428.56638504,25.7,34.10000000000012,1.0,0.013650283557504113,1991-0710THA,False,False,False,False,False,False,False
VNM,704,WP1,1992,1992-0061,1992174N13126,400000.0,2014,7548589.73,7552262.136645338,25.7,172.1000000000021,1.0,0.0004863840464320745,1992-0061VNM,False,False,False,False,False,False,False
USA,840,NA2,1992,1992-0066,1992230N11325,26500000000.0,2014,71005515347.0,71121951504.19995,25.7,95.40000000000099,1.0,0.0016384754590832245,1992-0066USA,False,False,False,False,False,False,False
VNM,704,WP1,1992,1992-0143,1992289N08135,18000000.0,2014,339686537.9,340038182.2559127,25.7,46.20000000000029,1.0,0.0010346670552241217,1992-0143VNM,False,False,False,False,False,False,False
FJI,242,OC,1992,1992-0162,1992338S04173,1600000.0,2014,4683021.159,4685294.258644401,25.7,260.20000000000334,1.0,0.0004852739447110108,1992-0162FJI,False,False,False,False,False,False,False
USA,840,NA2,1992,1992-0271,1992249N12229,5000000000.0,2014,13397267047.0,139213200.46389845,25.7,25.8,1.0,-4.566799439098642,1992-0271USA,True,False,False,True,False,True,True
MEX,484,NA1,1992,1992-0342,1992233N16254,3000000.0,2014,10859450.34,10821712.85383568,25.7,44.800000000000274,1.0,-0.0034811346546713526,1992-0342MEX,False,False,False,False,False,False,False
TWN,158,WP4,1992,1992-0357,1992237N14144,35000000.0,2014,83218785.15437673,83608159.71528856,25.7,42.400000000000226,1.0,0.004668014130051129,1992-0357TWN,False,False,False,False,False,False,False
HKG,344,WP4,1992,1992-0463,1992194N07140,219700000.0,2014,614100138.3,614469716.1458192,25.7,95.700000000001,1.0,0.0006016391426664226,1992-0463HKG,False,False,False,False,False,False,False
PNG,598,OC,1993,1993-0016,1993131S04158,1500000.0,2014,6953406.58,6945308.679786542,25.7,41.50000000000023,1.0,-0.0011652733333140446,1993-0016PNG,False,False,False,False,False,False,False
VUT,548,OC,1993,1993-0024,1993083S12181,6000000.0,2014,25998065.23,26020847.9094926,25.7,120.70000000000134,1.0,0.0008759383683473431,1993-0024VUT,False,False,False,False,False,False,False
PHL,608,WP2,1993,1993-0077,1993271N14134,188000000.0,2014,984067975.5,980564341.4263033,25.7,53.60000000000039,1.0,-0.0035667109390180034,1993-0077PHL,False,False,False,False,False,False,False
JPN,392,WP4,1993,1993-0079,1993246N16129,1300000000.0,2014,1415656470.0,1419557297.784996,25.7,33.0000000000001,1.0,0.0027517009762684863,1993-0079JPN,False,False,False,False,False,False,False
IND,356,NI,1993,1993-0085,1993331N07108,100000000.0,2014,730095393.3,729136239.3801082,25.7,88.30000000000089,1.0,-0.001314601515679031,1993-0085IND,False,False,False,False,False,False,False
PHL,608,WP2,1993,1993-0088,1993322N09137,2000000.0,2014,10468808.25,10463170.8218548,25.7,44.800000000000274,1.0,-0.0005386426445535259,1993-0088PHL,False,False,False,False,False,False,False
VNM,704,WP1,1993,1993-0088,1993322N09137,15000000.0,2014,211901951.8,212217305.14685243,25.7,81.00000000000078,1.0,0.001487097790553129,1993-0088VNM,False,False,False,False,False,False,False
CHN,156,WP3,1993,1993-0199,1993224N07153,433920000.0,2014,10227548827.0,10229454529.780987,25.7,64.40000000000055,1.0,0.000186312995433736,1993-0199CHN,False,False,False,False,False,False,False
PHL,608,WP2,1993,1993-0228,1993353N05159,17000000.0,2014,88984870.12,89019101.11366108,25.7,169.80000000000206,1.0,0.00038460933029539726,1993-0228PHL,False,False,False,False,False,False,False
CHN,156,WP3,1993,1993-0464,1993253N06150,263670000.0,2014,6214734972.0,6193264637.683889,25.7,65.70000000000057,1.0,-0.0034607279851758084,1993-0464CHN,False,False,False,False,False,False,False
CHN,156,WP3,1993,1993-0466,1993298N11154,15890000.0,2014,374529293.1,378991865.84785086,25.7,36.40000000000015,1.0,0.011844723585293333,1993-0466CHN,False,False,False,False,False,False,False
JPN,392,WP4,1993,1993-0473,1993211N07161,450000000.0,2014,490034931.9,490304476.13736653,25.7,240.600000000003,1.0,0.0005498998447864162,1993-0473JPN,False,False,False,False,False,False,False
MDG,450,SI,1994,1994-0009,1994007S16056,10000000.0,2014,35852773.5,36011276.82263396,25.7,47.0000000000003,1.0,0.00441120640835619,1994-0009MDG,False,False,False,False,False,False,False
BGD,50,NI,1994,1994-0044,1994117N07096,125000000.0,2014,639962654.8,641125319.7967275,25.7,49.60000000000034,1.0,0.001815121738707583,1994-0044BGD,False,False,False,False,False,False,False
PHL,608,WP2,1994,1994-0071,1994197N14115,37600000.0,2014,166973054.6,167152537.95201764,25.7,39.000000000000185,1.0,0.001074346732379107,1994-0071PHL,False,False,False,False,False,False,False
CHN,156,WP3,1994,1994-0138,1994153N19113,700000.0,2014,13002551.31,13003207.858503293,25.7,161.0000000000019,1.0,5.0492546606919955e-05,1994-0138CHN,False,False,False,False,False,False,False
CHN,156,WP3,1994,1994-0163,1994186N09139,96300000.0,2014,1788779559.0,1788690280.3710315,25.7,133.90000000000154,1.0,-4.991160400820029e-05,1994-0163CHN,False,False,False,False,False,False,False
TWN,158,WP4,1994,1994-0185,1994211N12152,232000000.0,2014,479958040.5400136,479778510.0328224,25.7,244.70000000000312,1.0,-0.0003741245640340661,1994-0185TWN,True,False,False,True,True,False,True
CHN,156,WP3,1994,1994-0198,1994224N20152,1150000000.0,2014,21361334294.0,21319044815.708336,25.7,88.20000000000088,1.0,-0.00198168305967622,1994-0198CHN,True,False,False,True,False,False,True
JPN,392,WP4,1994,1994-0198,1994224N20152,6000000.0,2014,5930761.695,5934549.687895516,25.7,208.4000000000026,1.0,0.0006384987130918407,1994-0198JPN,False,False,False,False,False,False,False
IND,356,NI,1994,1994-0352,1994302N11086,19100000.0,2014,119004702.0,119187618.63157396,25.7,82.50000000000081,1.0,0.001535873759875327,1994-0352IND,True,False,False,True,False,False,True
PHL,608,WP2,1994,1994-0519,1994287N14156,67400000.0,2014,299308082.0,299123832.18229693,25.7,259.20000000000334,1.0,-0.0006157753928508628,1994-0519PHL,True,False,False,True,False,False,True
PHL,608,WP2,1994,1994-0594,1994345N06165,26813000.0,2014,119070439.2,118906801.04355964,25.7,83.20000000000081,1.0,-0.0013752422884096612,1994-0594PHL,True,False,False,True,False,True,True
KOR,410,WP4,1995,1995-0183,1995229N12144,425000000.0,2014,1078553430.0,1077763417.7035165,25.7,70.00000000000063,1.0,-0.0007327423450519865,1995-0183KOR,True,False,False,True,False,False,True
CHN,156,WP3,1995,1995-0188,1995236N10134,87000000.0,2014,1241534250.0,1241256622.4890625,25.7,287.40000000000373,1.0,-0.00022364147957117258,1995-0188CHN,False,False,False,False,False,False,False
ATG,28,NA1,1995,1995-0192,1995240N11337,350000000.0,2014,773370483.3,771570241.1610793,25.7,42.700000000000244,1.0,-0.00233050100267551,1995-0192ATG,False,False,False,False,False,False,False
CAN,124,NA2,1995,1995-0192,1995240N11337,100000000.0,2014,297876572.4,298136149.14757097,25.7,160.30000000000192,1.0,0.0008710443740499212,1995-0192CAN,False,False,False,False,False,False,False
MSR,500,NA1,1995,1995-0192,1995240N11337,20000000.0,2014,20000000.0,19952696.783678927,25.7,31.60000000000009,1.0,-0.0023679622269597946,1995-0192MSR,False,False,False,False,False,False,False
MEX,484,NA1,1995,1995-0207,1995256N15253,800000000.0,2014,2920653641.0,2926031587.064044,25.7,36.500000000000156,1.0,0.0018396569580870264,1995-0207MEX,False,False,False,False,False,False,False
MEX,484,NA1,1995,1995-0256,1995281N14278,1500000000.0,2014,5476225576.0,5430128348.055279,25.7,28.900000000000052,1.0,-0.00845332964062978,1995-0256MEX,False,False,False,False,False,False,False
PHL,608,WP2,1995,1995-0271,1995293N05177,244000000.0,2014,936840738.5,1835824659.399783,25.7,325.70000000000425,1.0,0.6727357669954674,1995-0271PHL,False,False,False,False,False,False,False
VNM,704,WP1,1995,1995-0274,1995294N05163,21200000.0,2014,190369759.5,190451480.3834965,25.7,76.2000000000007,1.0,0.0004291823889649411,1995-0274VNM,True,False,False,True,False,False,True
IND,356,NI,1995,1995-0275,1995310N09096,46300000.0,2014,262049202.8,261827908.47458127,25.7,99.20000000000105,1.0,-0.0008448330107135347,1995-0275IND,False,False,False,False,False,False,False
KOR,410,WP4,1995,1995-0393,1995193N06156,140000000.0,2014,355288188.6,355117111.67287725,25.7,219.90000000000282,1.0,-0.00048163190889515694,1995-0393KOR,True,False,False,False,False,True,True
BHS,44,NA1,1995,1995-0404,1995212N22287,400000.0,2014,1278191.893,1280623.4068417496,25.7,66.00000000000057,1.0,0.0019005002617934772,1995-0404BHS,False,False,False,False,False,False,False
USA,840,NA2,1995,1995-0404,1995212N22287,700000000.0,2014,1600355804.0,1601774396.4365118,25.7,148.40000000000177,1.0,0.0008860305112665498,1995-0404USA,True,False,False,True,False,False,True
MOZ,508,SI,1996,1996-0052,1996001S08075,14500000.0,2014,69792056.75,69531437.29668416,25.7,41.30000000000023,1.0,-0.0037412176472261752,1996-0052MOZ,True,False,False,True,False,False,True
VNM,704,WP1,1996,1996-0110,1996202N17115,362000000.0,2014,2733698258.0,2738388826.0480204,25.7,70.50000000000064,1.0,0.0017143620431432883,1996-0110VNM,False,False,False,False,False,False,False
CHN,156,WP3,1996,1996-0168,1996203N12152,72000000.0,2014,873787160.8,873155109.9241812,25.7,170.4000000000021,1.0,-0.0007236082313535038,1996-0168CHN,False,False,False,False,False,False,False
TWN,158,WP4,1996,1996-0168,1996203N12152,1100000000.0,2014,1993824460.9429183,1994825291.5279,25.7,262.20000000000334,1.0,0.0005018393030705068,1996-0168TWN,False,False,False,False,False,False,False
CAN,124,NA2,1996,1996-0201,1996248N15319,100000.0,2014,286258.6963,286432.7090565259,25.7,220.70000000000286,1.0,0.000607701670580654,1996-0201CAN,False,False,False,False,False,False,False
PRI,630,NA1,1996,1996-0201,1996248N15319,500000000.0,2014,1129729966.0,1126838602.6132774,25.7,60.800000000000495,1.0,-0.002562620971720906,1996-0201PRI,True,False,False,True,True,False,True
VNM,704,WP1,1996,1996-0227,1996260N19107,11000000.0,2014,83068179.11,83458244.77853079,25.7,56.50000000000044,1.0,0.00468473858757624,1996-0227VNM,False,False,False,False,False,False,False
IND,356,NI,1996,1996-0256,1996306N15097,1500300000.0,2014,7786525250.0,7792066041.774883,25.7,79.80000000000076,1.0,0.0007113341514317492,1996-0256IND,True,False,False,True,False,False,True
MYS,458,WP1,1996,1996-0282,1996356N08110,52000000.0,2014,174301945.6,173673801.56255627,25.7,52.7000000000004,1.0,-0.0036102787325873902,1996-0282MYS,True,False,False,True,False,False,True
AUS,36,OC,1996,1996-0318,1996095S09133,46700000.0,2014,170904206.6,171420113.95181713,25.7,46.70000000000029,1.0,0.0030141460096880564,1996-0318AUS,False,False,False,False,False,False,False
VGB,92,NA1,1996,1996-0325,1996187N10326,2000000.0,2014,2000000.0,2002311.6400551063,25.7,152.90000000000182,1.0,0.0011551525818337457,1996-0325VGB,False,False,False,False,False,False,False
TWN,158,WP4,1996,1996-0371,1996201N07137,200000000.0,2014,362513538.35325783,362428033.82810813,25.7,320.7000000000042,1.0,-0.00023589356391556538,1996-0371TWN,False,False,False,False,False,False,False
MDG,450,SI,1997,1997-0013,1997018S11059,50000000.0,2014,150510277.2,150241893.50964957,25.7,33.90000000000012,1.0,-0.0017847502876411584,1997-0013MDG,False,False,False,False,False,False,False
FJI,242,OC,1997,1997-0039,1997061S08171,27000000.0,2014,57809242.36,57890816.15948883,25.7,119.80000000000132,1.0,0.0014100911278550317,1997-0039FJI,False,False,False,False,False,False,False
CHN,156,WP3,1997,1997-0168,1997210N15120,579700000.0,2014,6319265945.0,6307948842.790779,25.7,105.60000000000113,1.0,-0.0017924942957889389,1997-0168CHN,True,False,False,False,True,False,True
JPN,392,WP4,1997,1997-0180,1997217N06168,100000000.0,2014,109868789.5,111620908.9613522,25.7,30.600000000000072,1.0,0.015821557596850545,1997-0180JPN,False,False,False,False,False,False,False
MEX,484,NA1,1997,1997-0243,1997279N12263,447800000.0,2014,1176350687.0,1176239750.48138,25.7,66.70000000000059,1.0,-9.431009914416653e-05,1997-0243MEX,False,False,False,False,False,False,False
KHM,116,WP1,1997,1997-0267,1997298N06140,10000.0,2014,48505.97055,48568.14686643241,25.7,77.20000000000073,1.0,0.0012810072672244008,1997-0267KHM,False,False,False,False,False,False,False
THA,764,WP1,1997,1997-0267,1997298N06140,5000000.0,2014,13561680.42,13576851.168336948,25.7,60.1000000000005,1.0,0.0011180229017050407,1997-0267THA,False,False,False,False,False,False,False
VNM,704,WP1,1997,1997-0267,1997298N06140,470000000.0,2014,3260213213.0,3244977455.184915,25.7,34.20000000000012,1.0,-0.004684193423491942,1997-0267VNM,False,False,False,False,False,False,False
GUM,316,OC,1997,1997-0292,1997333N06194,200000000.0,2014,327208271.8,327242286.99313504,25.7,135.00000000000156,1.0,0.00010395038313788537,1997-0292GUM,False,False,False,False,False,False,False
VNM,704,WP1,1997,1997-0358,1997261N13114,5000000.0,2014,34683119.29,34661012.70318224,25.7,163.80000000000197,1.0,-0.0006375907212691073,1997-0358VNM,True,False,False,True,True,False,True
IND,356,NI,1998,1998-0183,1998152N11075,469000000.0,2014,2269722074.0,2272414630.3911977,25.7,66.10000000000058,1.0,0.00118559034297141,1998-0183IND,False,False,False,False,False,False,False
JPN,392,WP4,1998,1998-0297,1998259N17118,3000000000.0,2014,3608482427.0,3607032519.8456397,25.7,253.50000000000324,1.0,-0.00040188598722502817,1998-0297JPN,False,False,False,False,False,False,False
JPN,392,WP4,1998,1998-0311,1998281N11151,335500000.0,2014,403548618.1,484163602.1458532,25.7,325.70000000000425,1.0,0.1821258991572207,1998-0311JPN,False,False,False,False,False,False,False
VNM,704,WP1,1998,1998-0374,1998315N09116,93200000.0,2014,637799612.8,631449353.3586067,25.7,35.30000000000014,1.0,-0.010006409455208327,1998-0374VNM,True,False,False,True,False,False,True
VNM,704,WP1,1998,1998-0434,1998342N06141,15000000.0,2014,102650152.3,102751784.91169593,25.7,66.30000000000058,1.0,0.00098959748257176,1998-0434VNM,False,False,False,False,False,False,False
AUS,36,OC,1999,1999-0051,1999040S15147,300000000.0,2014,1131545100.0,1133239313.312431,25.7,64.60000000000055,1.0,0.0014961367788503656,1999-0051AUS,True,False,False,True,False,False,True
IND,356,NI,1999,1999-0177,1999135N12073,20000000.0,2014,88885643.29,88908892.65470058,25.7,39.40000000000018,1.0,0.00026153070126203737,1999-0177IND,False,False,False,False,False,False,False
USA,840,NA2,1999,1999-0298,1999231N20266,70000000.0,2014,126960980.0,127028871.56435987,25.7,127.10000000000143,1.0,0.0005346006193448378,1999-0298USA,False,False,False,False,False,False,False
CHN,156,WP3,1999,1999-0301,1999241N12133,277900000.0,2014,2662759128.0,2670524859.6186237,25.7,46.100000000000286,1.0,0.002912178359502996,1999-0301CHN,True,False,False,True,True,False,True
JPN,392,WP4,1999,1999-0326,1999260N20130,5000000000.0,2014,5316012420.0,5316956886.093045,25.7,160.70000000000192,1.0,0.0001776486075226332,1999-0326JPN,True,False,False,True,True,False,True
BHS,44,NA1,1999,1999-0327,1999251N15314,450000000.0,2014,641705937.2,644161990.977541,25.7,44.800000000000274,1.0,0.0038200762465297054,1999-0327BHS,False,False,False,False,False,False,False
USA,840,NA2,1999,1999-0327,1999251N15314,7000000000.0,2014,12696097995.0,12675805856.380293,25.7,84.50000000000084,1.0,-0.0015995758982271422,1999-0327USA,True,False,False,True,False,False,True
CHN,156,WP3,1999,1999-0392,1999275N16135,241600000.0,2014,2314942804.0,2315198049.0031195,25.7,130.6000000000015,1.0,0.00011025366678093644,1999-0392CHN,False,False,False,False,False,False,False
IND,356,NI,1999,1999-0401,1999288N15093,470000000.0,2014,2088812617.0,2089705857.3534687,25.7,75.1000000000007,1.0,0.00042753926902918175,1999-0401IND,False,False,False,False,False,False,False
IND,356,NI,1999,1999-0425,1999298N12099,2500000000.0,2014,11110705411.0,11095873336.56743,25.7,82.0000000000008,1.0,-0.0013358272615286231,1999-0425IND,True,True,False,True,False,False,True
USA,840,NA2,1999,1999-0435,1999286N16278,100000000.0,2014,181372828.5,181473486.7207552,25.7,232.4000000000029,1.0,0.000554825660974887,1999-0435USA,False,False,False,False,False,False,False
USA,840,NA2,1999,1999-0619,1999236N22292,62500000.0,2014,113358017.8,113439033.971674,25.7,58.600000000000456,1.0,0.000714437639176936,1999-0619USA,False,False,False,False,False,False,False
CHN,156,WP3,1999,1999-0625,1999230N12129,18000000.0,2014,172470904.3,271662597.8862642,25.7,325.70000000000425,1.0,0.45433229583454865,1999-0625CHN,False,False,False,False,False,False,False
AUS,36,OC,2000,2000-0097,2000056S17152,90000000.0,2014,317674987.2,317152964.9963656,25.7,58.600000000000456,1.0,-0.0016446103845604834,2000-0097AUS,True,False,False,True,False,False,True
MDG,450,SI,2000,2000-0107,2000032S11116,9000000.0,2014,24773011.21,24779586.38761428,25.7,128.80000000000146,1.0,0.0002653817548078097,2000-0107MDG,True,False,False,True,False,False,True
MOZ,508,SI,2000,2000-0107,2000032S11116,1000000.0,2014,3381086.779,3377433.3082961217,25.7,95.700000000001,1.0,-0.0010811452840442312,2000-0107MOZ,False,False,False,False,False,False,False
CHN,156,WP3,2000,2000-0533,2000230N08139,69443000.0,2014,600923967.1,602737067.3159536,25.7,325.70000000000425,1.0,0.0030126448151503926,2000-0533CHN,False,False,False,False,False,False,False
VNM,704,WP1,2000,2000-0582,2000248N17117,21000000.0,2014,125440545.4,125979702.06353728,25.7,45.60000000000028,1.0,0.004288894752442678,2000-0582VNM,False,False,False,False,False,False,False
KOR,410,WP4,2000,2000-0601,2000245N14157,71000000.0,2014,178416664.1,178430679.81720746,25.7,319.4000000000042,1.0,7.85530140750515e-05,2000-0601KOR,False,False,False,False,False,False,False
PHL,608,WP2,2000,2000-0706,2000299N08139,17000000.0,2014,59708228.94,109753702.60990252,25.7,325.70000000000425,1.0,0.6087689390599959,2000-0706PHL,False,False,False,False,False,False,False
TWN,158,WP4,2000,2000-0706,2000299N08139,150000000.0,2014,240119400.0126732,240329121.19480336,25.7,113.30000000000123,1.0,0.0008730225453638105,2000-0706TWN,True,False,False,True,True,False,True
PHL,608,WP2,2000,2000-0715,2000305N06136,31000000.0,2014,108879711.6,305722179.50369555,25.7,325.70000000000425,1.0,1.0324330698816668,2000-0715PHL,False,False,False,False,False,False,False
TWN,158,WP4,2001,2001-0293,2001170N11138,5000000.0,2014,8829496.50824507,8836227.941877356,25.7,176.5000000000022,1.0,0.000762089771872457,2001-0293TWN,False,False,False,False,False,False,False
PHL,608,WP2,2001,2001-0319,2001181N08141,68565000.0,2014,255861625.3,255364774.01776752,25.7,30.600000000000072,1.0,-0.0019437628390464113,2001-0319PHL,False,False,False,False,False,False,False
CHN,156,WP3,2001,2001-0405,2001206N14134,40000000.0,2014,313047801.0,312341037.7186136,25.7,76.50000000000071,1.0,-0.002260237274843772,2001-0405CHN,False,False,False,False,False,False,False
TWN,158,WP4,2001,2001-0405,2001206N14134,240000000.0,2014,423815832.39576334,423746134.40867823,25.7,280.3000000000036,1.0,-0.00016446700057813165,2001-0405TWN,False,False,False,False,False,False,False
VNM,704,WP1,2001,2001-0436,2001220N17118,3200000.0,2014,18230113.7,18402804.93106317,25.7,33.60000000000011,1.0,0.009428269259314611,2001-0436VNM,False,False,False,False,False,False,False
JPN,392,WP4,2001,2001-0454,2001225N18146,800000000.0,2014,901659328.8,894181173.3590788,25.7,36.40000000000015,1.0,-0.008328355058873428,2001-0454JPN,False,False,False,False,False,False,False
TWN,158,WP4,2001,2001-0522,2001248N23125,800000000.0,2014,1412719441.319211,1414013028.229102,25.7,158.9000000000019,1.0,0.0009152525144336716,2001-0522TWN,True,False,False,True,True,False,True
BLZ,84,NA1,2001,2001-0553,2001278N12302,250000000.0,2014,485443358.1,487784713.7217392,25.7,33.90000000000012,1.0,0.004811534329025689,2001-0553BLZ,False,False,False,False,False,False,False
VNM,704,WP1,2001,2001-0624,2001309N10130,55000000.0,2014,313330079.3,313747726.01483625,25.7,59.00000000000047,1.0,0.0013320413290031467,2001-0624VNM,False,False,False,False,False,False,False
BHS,44,NA1,2001,2001-0671,2001303N13276,300000000.0,2014,395198026.4,396338899.1229018,25.7,42.400000000000226,1.0,0.0028826791932344015,2001-0671BHS,False,False,False,False,False,False,False
TON,776,OC,2001,2001-0711,2001363S10185,51300000.0,2014,125645747.8,61874934.24496511,25.7,25.8,1.0,-0.7083512636127479,2001-0711TON,False,False,False,False,False,False,False
MDG,450,SI,2001,2002-0004,2001364S19036,181000.0,2014,439343.7929,445737.8301091858,25.7,31.100000000000076,1.0,0.014448720390182733,2002-0004MDG,False,False,False,False,False,False,False
MEX,484,NA1,2002,2002-0669,2002295N11261,200000000.0,2014,340513691.7,340009362.7883908,25.7,83.50000000000081,1.0,-0.0014821805098627547,2002-0669MEX,False,False,False,False,False,False,False
USA,840,NA2,2002,2002-0724,2002265N10315,2000000000.0,2014,3192297819.0,3187821874.121921,25.7,94.90000000000099,1.0,-0.0014030914238826791,2002-0724USA,True,False,False,True,False,False,True
FJI,242,OC,2003,2003-0024,2003011S09182,30000000.0,2014,58076952.28,51280394.80491608,25.7,25.8,1.0,-0.12446038303519756,2003-0024FJI,True,True,False,False,True,False,True
NCL,540,OC,2003,2003-0135,2003061S21148,40000000.0,2014,40000000.0,39967857.794299416,25.7,149.30000000000175,1.0,-0.000803878166004537,2003-0135NCL,False,False,False,False,False,False,False
PHL,608,WP2,2003,2003-0258,2003144N16119,4000000.0,2014,13566469.09,13653992.949565222,25.7,40.700000000000216,1.0,0.006430762348173406,2003-0258PHL,True,False,False,True,True,False,True
CHN,156,WP3,2003,2003-0346,2003196N04150,100000000.0,2014,631358675.5,631561257.6533923,25.7,132.7000000000015,1.0,0.00032081551618881506,2003-0346CHN,False,False,False,False,False,False,False
PHL,608,WP2,2003,2003-0346,2003196N04150,26468000.0,2014,89769325.95,89688671.8313731,25.7,116.9000000000013,1.0,-0.0008988635229907698,2003-0346PHL,True,False,False,True,False,False,True
CHN,156,WP3,2003,2003-0443,2003240N20139,241000000.0,2014,1521574408.0,1521111541.1834311,25.7,263.5000000000033,1.0,-0.00030424883005994967,2003-0443CHN,False,False,False,False,False,False,False
BMU,60,NA1,2003,2003-0448,2003240N15329,300000000.0,2014,399403562.6,399828430.299913,25.7,109.6000000000012,1.0,0.0010631900216931584,2003-0448BMU,True,False,False,False,False,False,True
JPN,392,WP4,2003,2003-0459,2003247N10153,50000000.0,2014,54552255.91,54509967.04037535,25.7,100.40000000000109,1.0,-0.0007754999045501261,2003-0459JPN,True,False,False,False,False,False,True
KOR,410,WP4,2003,2003-0459,2003247N10153,4500000000.0,2014,9332563202.0,9339286292.04876,25.7,120.40000000000134,1.0,0.000720131162308955,2003-0459KOR,True,False,False,True,True,False,True
USA,840,NA2,2003,2003-0468,2003249N14329,3370000000.0,2014,5129874055.0,5119547369.155789,25.7,92.80000000000095,1.0,-0.002015077517292237,2003-0468USA,True,False,False,True,False,False,True
MEX,484,NA1,2003,2003-0474,2003262N17254,100000000.0,2014,180241122.2,179863368.36191785,25.7,57.80000000000046,1.0,-0.0020980242487734844,2003-0474MEX,True,False,False,True,False,False,True
CAN,124,NA2,2003,2003-0487,2003268N28298,110000000.0,2014,221788181.9,221623042.99209225,25.7,100.40000000000109,1.0,-0.0007448567211307097,2003-0487CAN,True,False,False,True,False,False,True
CHN,156,WP3,2003,2003-0594,2003316N11141,196938000.0,2014,1243385148.0,1243934555.809951,25.7,53.10000000000039,1.0,0.0004417669494151464,2003-0594CHN,False,False,False,False,False,False,False
IND,356,NI,2003,2003-0605,2003345N05092,28000000.0,2014,93953651.91,93927917.74047674,25.7,72.90000000000067,1.0,-0.0002739403309442368,2003-0605IND,True,False,False,False,False,True,True
USA,840,NA2,2003,2003-0782,2003179N20271,50000000.0,2014,76110891.03,75976612.39856875,25.7,94.10000000000096,1.0,-0.0017658080157157891,2003-0782USA,True,False,False,True,False,False,True
MDG,450,SI,2004,2004-0103,2004061S12072,250000000.0,2014,611461783.3,349891342.98033446,25.7,25.8,1.0,-0.5582297988699496,2004-0103MDG,True,False,False,True,False,True,True
FJI,242,OC,2004,2004-0153,2004098S15173,4000000.0,2014,6575111.982999999,6477235.422276148,25.7,34.60000000000012,1.0,-0.014997822587861304,2004-0153FJI,True,False,False,True,True,False,True
PHL,608,WP2,2004,2004-0218,2004134N07132,1000000.0,2014,3114596.1810000013,3112259.337095299,25.7,150.20000000000178,1.0,-0.0007505695314810464,2004-0218PHL,True,False,False,False,True,False,True
MMR,104,NI,2004,2004-0235,2004136N15090,688000.0,2014,4260951.721,4238654.2642167965,25.7,44.300000000000274,1.0,-0.005246715664790671,2004-0235MMR,True,True,False,True,False,False,True
PHL,608,WP2,2004,2004-0309,2004174N14146,19667000.0,2014,61254763.09,13802716.320721755,25.7,25.8,1.0,-1.4901762035073758,2004-0309PHL,True,False,False,True,False,False,True
CUB,192,NA1,2004,2004-0415,2004223N11301,1000000000.0,2014,2111247808.0,2114143610.354261,25.7,104.10000000000113,1.0,0.001370667245193344,2004-0415CUB,False,False,False,False,False,False,False
JAM,388,NA1,2004,2004-0415,2004223N11301,300000000.0,2014,409384949.8,407910850.2092019,25.7,38.40000000000017,1.0,-0.0036072648097315264,2004-0415JAM,True,False,False,True,False,False,True
USA,840,NA2,2004,2004-0415,2004223N11301,16000000000.0,2014,22839070991.0,22861215280.92489,25.7,112.00000000000122,1.0,0.0009691095380119057,2004-0415USA,True,False,False,False,False,True,True
JPN,392,WP4,2004,2004-0428,2004227N15141,500000000.0,2014,503661847.5,177221668.8945634,25.7,25.8,1.0,-1.0445037897392604,2004-0428JPN,False,False,False,False,False,False,False
KOR,410,WP4,2004,2004-0428,2004227N15141,1000000.0,2014,1845168.832,1847692.4121017426,25.7,134.0000000000015,1.0,0.001366734533339393,2004-0428KOR,True,False,False,True,True,False,True
GUM,316,OC,2004,2004-0445,2004230N09172,1000000.0,2014,1435830.957,1437478.0700920746,25.7,153.1000000000018,1.0,0.001146492254723804,2004-0445GUM,False,False,False,False,False,False,False
USA,840,NA2,2004,2004-0448,2004241N32282,62500000.0,2014,89215121.06,89339480.31312597,25.7,72.20000000000066,1.0,0.001392955121601145,2004-0448USA,True,False,False,True,False,False,True
BHS,44,NA1,2004,2004-0455,2004238N11325,1000000000.0,2014,1210044074.0,1218435857.5610561,25.7,40.80000000000021,1.0,0.00691116846735105,2004-0455BHS,False,False,False,False,False,False,False
USA,840,NA2,2004,2004-0455,2004238N11325,11000000000.0,2014,15701861306.0,15696443197.141624,25.7,82.90000000000082,1.0,-0.00034512111388771603,2004-0455USA,True,False,False,False,False,False,True
TTO,780,NA1,2004,2004-0462,2004247N10332,1000000.0,2014,2048171.488,2049992.5625040869,25.7,75.4000000000007,1.0,0.0008887270502143088,2004-0462TTO,False,False,False,False,False,False,False
PHL,608,WP2,2004,2004-0580,2004319N10134,6000000.0,2014,18687577.08,18669893.724479396,25.7,142.40000000000163,1.0,-0.0009467106022190448,2004-0580PHL,True,False,False,False,True,False,True
VNM,704,WP1,2004,2004-0580,2004319N10134,23000000.0,2014,94274912.3,94402049.383653,25.7,34.90000000000013,1.0,0.0013476696016390002,2004-0580VNM,True,False,False,True,True,False,True
CUB,192,NA1,2005,2005-0351,2005186N12299,1400000000.0,2014,2647941893.0,2645035134.1235137,25.7,81.00000000000078,1.0,-0.0010983456583348685,2005-0351CUB,True,False,False,True,True,False,True
JAM,388,NA1,2005,2005-0351,2005186N12299,30000000.0,2014,37089462.6,37061160.27838519,25.7,97.500000000001,1.0,-0.0007633738434169086,2005-0351JAM,True,False,False,False,True,False,True
USA,840,NA2,2005,2005-0351,2005186N12299,2230000000.0,2014,2984138801.0,2988710313.307496,25.7,113.80000000000123,1.0,0.0015307646694857173,2005-0351USA,False,False,False,False,False,False,False
TWN,158,WP4,2005,2005-0381,2005192N22155,100000000.0,2014,141174388.68295068,141183485.87217307,25.7,265.7000000000034,1.0,6.443729780780933e-05,2005-0381TWN,True,False,False,True,False,False,True
MEX,484,NA1,2005,2005-0382,2005192N11318,400000000.0,2014,599247676.6,600546073.2373707,25.7,72.10000000000066,1.0,0.002164367241297402,2005-0382MEX,False,False,False,False,False,False,False
USA,840,NA2,2005,2005-0467,2005236N23285,125000000000.0,2014,167272000000.0,167456016118.56967,25.7,53.000000000000384,1.0,0.0010994964762224221,2005-0467USA,True,False,False,True,False,True,True
CHN,156,WP3,2005,2005-0492,2005237N14148,1900000000.0,2014,8712512761.0,8710256578.020094,25.7,33.70000000000012,1.0,-0.0002589924653900493,2005-0492CHN,True,False,False,True,True,False,True
TWN,158,WP4,2005,2005-0492,2005237N14148,38000000.0,2014,53646267.69952127,53654485.48064895,25.7,291.60000000000383,1.0,0.00015317285107866734,2005-0492TWN,False,False,False,False,False,False,False
JPN,392,WP4,2005,2005-0497,2005241N15155,1000000000.0,2014,1019977855.0,1019949598.2204348,25.7,180.70000000000218,1.0,-2.7703710269145872e-05,2005-0497JPN,True,False,False,False,True,False,True
CHN,156,WP3,2005,2005-0510,2005248N08142,1750000000.0,2014,8024682806.0,8036888244.770272,25.7,100.40000000000109,1.0,0.0015198315384122828,2005-0510CHN,True,False,False,True,True,False,True
VNM,704,WP1,2005,2005-0536,2005257N15120,20000000.0,2014,64617086.41,64668886.84048845,25.7,42.60000000000024,1.0,0.0008013310641205564,2005-0536VNM,True,False,False,False,False,False,True
CHN,156,WP3,2005,2005-0540,2005262N13127,1040000000.0,2014,4768954354.0,4766559108.336876,25.7,48.900000000000325,1.0,-0.0005023842130710544,2005-0540CHN,True,False,False,False,False,False,True
VNM,704,WP1,2005,2005-0540,2005262N13127,219250000.0,2014,708364809.8,714572541.0807247,25.7,35.30000000000014,1.0,0.008725290203494789,2005-0540VNM,True,False,False,True,True,False,True
USA,840,NA2,2005,2005-0547,2005261N21290,16000000000.0,2014,21410861355.0,21364784783.298058,25.7,59.500000000000476,1.0,-0.0021543375112903127,2005-0547USA,True,False,False,True,False,False,True
CHN,156,WP3,2005,2005-0565,2005268N19146,150000000.0,2014,687829954.8,688297480.6766533,25.7,171.4000000000021,1.0,0.0006794805227892422,2005-0565CHN,True,False,False,True,True,False,True
TWN,158,WP4,2005,2005-0565,2005268N19146,100000000.0,2014,141174388.68295068,446897893.5198085,25.7,325.70000000000425,1.0,1.1523342170481783,2005-0565TWN,False,False,False,False,False,False,False
MEX,484,NA1,2005,2005-0585,2005289N18282,5000000000.0,2014,7490595958.0,7496293488.428246,25.7,40.30000000000021,1.0,0.000760335321494922,2005-0585MEX,True,False,False,False,False,False,True
USA,840,NA2,2005,2005-0585,2005289N18282,14300000000.0,2014,19135957336.0,19107419455.20807,25.7,121.10000000000132,1.0,-0.0014924354742393354,2005-0585USA,True,False,False,True,False,False,True
VNM,704,WP1,2005,2005-0611,2005301N13117,11000000.0,2014,35539397.53,35639054.33231081,25.7,69.60000000000062,1.0,0.0028001976671784357,2005-0611VNM,False,False,False,False,False,False,False
AUS,36,OC,2006,2006-0043,2006006S11129,2354000.0,2014,4625625.837,4645427.662739806,25.7,58.300000000000466,1.0,0.004271759590690007,2006-0043AUS,True,False,False,True,False,False,True
AUS,36,OC,2006,2006-0139,2006074S13158,1180000000.0,2014,2318707938.0,2328083679.135621,25.7,50.50000000000036,1.0,0.004035366606097695,2006-0139AUS,True,False,False,True,False,False,True
CHN,156,WP3,2006,2006-0251,2006128N09138,475000000.0,2014,1809189080.0,1810321031.1457887,25.7,96.90000000000099,1.0,0.0006254720378904971,2006-0251CHN,True,False,False,True,True,False,True
PHL,608,WP2,2006,2006-0251,2006128N09138,3328000.0,2014,7749707.397000001,7751266.495602747,25.7,208.5000000000026,1.0,0.00020116137460860975,2006-0251PHL,True,False,False,True,True,False,True
CHN,156,WP3,2006,2006-0388,2006198N08152,367000000.0,2014,1397836616.0,1388499752.421429,25.7,39.8000000000002,1.0,-0.006701917709585377,2006-0388CHN,True,False,False,True,True,False,True
CHN,156,WP3,2006,2006-0410,2006209N13130,900000000.0,2014,3427937205.0,3442895603.1193557,25.7,39.100000000000186,1.0,0.00435418010304379,2006-0410CHN,True,False,False,False,True,False,True
CHN,156,WP3,2006,2006-0437,2006216N07151,2510000000.0,2014,9560135983.0,9551856301.48974,25.7,84.30000000000084,1.0,-0.0008664384021285279,2006-0437CHN,True,False,False,True,False,False,True
USA,840,NA2,2006,2006-0466,2006237N13298,32860000.0,2014,41553786.12,41579194.67711046,25.7,117.0000000000013,1.0,0.000611275035684187,2006-0466USA,True,False,False,True,False,False,True
JPN,392,WP4,2006,2006-0504,2006252N13139,2500000000.0,2014,2676605774.0,2678884715.303649,25.7,152.00000000000182,1.0,0.0008510673096167701,2006-0504JPN,True,False,False,True,True,False,True
MEX,484,NA1,2006,2006-0505,2006257N16259,2700000.0,2014,3638886.137,3637726.519346622,25.7,320.3000000000042,1.0,-0.00031872458187906614,2006-0505MEX,True,False,False,True,True,False,True
PHL,608,WP2,2006,2006-0517,2006268N12129,113000000.0,2014,263136098.5,971316188.1888006,25.7,325.70000000000425,1.0,1.305980663667704,2006-0517PHL,True,False,False,True,True,False,True
VNM,704,WP1,2006,2006-0517,2006268N12129,624000000.0,2014,1750622103.0,1751243469.8037126,25.7,70.60000000000063,1.0,0.0003548775915668014,2006-0517VNM,False,False,False,False,False,False,False
PHL,608,WP2,2006,2006-0600,2006298N12143,9077000.0,2014,21137047.49,21130719.10549644,25.7,214.70000000000263,1.0,-0.0002994425805085592,2006-0600PHL,True,False,False,True,True,False,True
PHL,608,WP2,2006,2006-0648,2006329N06150,66400000.0,2014,154621565.9,154647768.32442337,25.7,199.70000000000252,1.0,0.000169447284851418,2006-0648PHL,True,False,False,True,True,False,True
VNM,704,WP1,2006,2006-0648,2006329N06150,456000000.0,2014,1279300767.0,1278681153.5537152,25.7,78.00000000000074,1.0,-0.00048445491613874776,2006-0648VNM,True,False,False,True,False,False,True
MDG,450,SI,2007,2007-0095,2007066S12066,240000000.0,2014,348858871.4,125216890.89029008,25.7,25.8,1.0,-1.0246200996455264,2007-0095MDG,True,False,False,True,True,False,True
OMN,512,NI,2007,2007-0164,2007151N14072,3900000000.0,2014,7513292712.0,7505906624.8307295,25.7,33.90000000000012,1.0,-0.0009835527978625106,2007-0164OMN,True,False,False,True,True,False,True
JPN,392,WP4,2007,2007-0262,2007188N04148,60000000.0,2014,64453546.68,256696088.43753755,25.7,325.70000000000425,1.0,1.3819480920693934,2007-0262JPN,True,False,False,False,True,False,True
BLZ,84,NA1,2007,2007-0360,2007225N12331,14847000.0,2014,19476548.08,19485983.548958447,25.7,122.20000000000135,1.0,0.00048433552689815143,2007-0360BLZ,False,False,False,False,False,False,False
DMA,212,NA1,2007,2007-0360,2007225N12331,20000000.0,2014,24849111.57,24808275.31210092,25.7,47.0000000000003,1.0,-0.001644720742215827,2007-0360DMA,True,False,False,True,False,False,True
JAM,388,NA1,2007,2007-0360,2007225N12331,300000000.0,2014,323956910.3,324363348.2632425,25.7,141.60000000000161,1.0,0.0012538186524931993,2007-0360JAM,True,True,False,True,False,False,True
LCA,662,NA1,2007,2007-0360,2007225N12331,40000000.0,2014,47496877.29,47537233.54405221,25.7,63.300000000000544,1.0,0.0008493004485194542,2007-0360LCA,True,False,False,True,False,False,True
MEX,484,NA1,2007,2007-0360,2007225N12331,600000000.0,2014,749255406.1,748407649.7906506,25.7,121.20000000000135,1.0,-0.0011321056449376985,2007-0360MEX,True,False,False,True,False,False,True
CHN,156,WP3,2007,2007-0380,2007223N19136,890555000.0,2014,2627998249.0,2633866360.0513005,25.7,52.60000000000038,1.0,0.0022304311950332935,2007-0380CHN,True,False,False,True,False,False,True
HND,340,NA1,2007,2007-0439,2007244N12303,6579000.0,2014,10588404.38,10570882.759489432,25.7,79.50000000000077,1.0,-0.0016561639718799786,2007-0439HND,True,False,False,True,True,False,True
CHN,156,WP3,2007,2007-0457,2007257N16134,638000000.0,2014,1882716826.0,1880610808.253636,25.7,100.40000000000109,1.0,-0.0011192317921205515,2007-0457CHN,True,False,False,True,True,False,True
VNM,704,WP1,2007,2007-0463,2007272N17125,191000000.0,2014,459411646.6,458341782.0573082,25.7,35.80000000000014,1.0,-0.0023314868545695738,2007-0463VNM,True,False,False,True,False,False,True
KOR,410,WP4,2007,2007-0470,2007254N18140,70000000.0,2014,87997870.47,88050777.91627303,25.7,186.80000000000229,1.0,0.000601054860128761,2007-0470KOR,True,False,False,True,False,False,True
JPN,392,WP4,2007,2007-0479,2007240N17153,1000000000.0,2014,1074225778.0,1074609445.2161946,25.7,268.00000000000347,1.0,0.0003570931973995224,2007-0479JPN,True,False,False,True,False,False,True
CHN,156,WP3,2007,2007-0552,2007274N18131,1077788000.0,2014,3180516618.0,3220120624.412049,25.7,32.40000000000009,1.0,0.01237517776450204,2007-0552CHN,True,False,False,True,False,False,True
BGD,50,NI,2007,2007-0556,2007314N10093,2300000000.0,2014,4994688046.0,4984479476.8724575,25.7,78.60000000000075,1.0,-0.002045976814248476,2007-0556BGD,True,False,False,True,False,False,True
PHL,608,WP2,2007,2007-0560,2007306N18133,2971000.0,2014,5660826.7370000025,5662083.0535921175,25.7,168.80000000000206,1.0,0.00022190702222404896,2007-0560PHL,False,False,False,False,False,False,False
PHL,608,WP2,2007,2007-0576,2007324N10140,5000000.0,2014,9526803.663,9537264.891419053,25.7,83.00000000000081,1.0,0.0010974813103726215,2007-0576PHL,True,False,False,True,True,False,True
PHL,608,WP2,2007,2007-0578,2007323N09128,1000000.0,2014,1905360.733,1907024.5474136318,25.7,76.10000000000072,1.0,0.0008728469957183649,2007-0578PHL,True,False,False,True,True,False,True
AUS,36,OC,2007,2007-0591,2007058S12135,100000000.0,2014,171950641.6,46970609.90721013,25.7,25.8,1.0,-1.2976853831964847,2007-0591AUS,True,False,False,True,False,False,True
FJI,242,OC,2007,2007-0655,2007337S12186,652000.0,2014,858485.7575,859280.4569191324,25.7,59.10000000000048,1.0,0.0009252708187628712,2007-0655FJI,False,False,False,False,False,False,False
FJI,242,OC,2008,2008-0051,2008026S12179,30000000.0,2014,38176381.62,38122406.294220656,25.7,74.7000000000007,1.0,-0.0014148412119966197,2008-0051FJI,True,False,False,True,False,False,True
MDG,450,SI,2008,2008-0070,2008037S10055,60000000.0,2014,68034718.12,67971419.61473837,25.7,39.000000000000185,1.0,-0.000930818430494091,2008-0070MDG,True,False,False,True,False,False,True
MOZ,508,SI,2008,2008-0111,2008062S10064,20000000.0,2014,29510844.15,29531686.479804303,25.7,73.70000000000068,1.0,0.0007060107501396783,2008-0111MOZ,False,False,False,False,False,False,False
CHN,156,WP3,2008,2008-0155,2008104N08128,49000000.0,2014,111703612.9,111831024.70452878,25.7,104.00000000000112,1.0,0.0011399738285951138,2008-0155CHN,True,False,False,True,True,False,True
PHL,608,WP2,2008,2008-0155,2008104N08128,16000000.0,2014,26139377.16,26438538.31942803,25.7,30.400000000000066,1.0,0.011379849701726534,2008-0155PHL,False,False,False,False,False,False,False
MMR,104,NI,2008,2008-0184,2008117N11090,4000000000.0,2014,8216064485.0,8247757415.255602,25.7,43.70000000000026,1.0,0.0038500136353817787,2008-0184MMR,True,False,False,True,False,False,True
PHL,608,WP2,2008,2008-0197,2008135N12116,99174000.0,2014,162021661.9,162262628.25518832,25.7,91.00000000000091,1.0,0.0014861429113527604,2008-0197PHL,True,False,False,True,True,False,True
CHN,156,WP3,2008,2008-0249,2008169N08135,175000000.0,2014,398941474.7,399337415.3602695,25.7,86.30000000000086,1.0,0.000991985877787363,2008-0249CHN,True,False,False,True,False,False,True
PHL,608,WP2,2008,2008-0249,2008169N08135,284694000.0,2014,465107740.1,465172164.57075286,25.7,186.9000000000024,1.0,0.0001385055627502435,2008-0249PHL,True,False,False,True,True,False,True
CHN,156,WP3,2008,2008-0292,2008206N22133,73000000.0,2014,166415586.6,166555055.3965455,25.7,97.70000000000105,1.0,0.0008377243342872814,2008-0292CHN,True,False,False,True,False,False,True
MEX,484,NA1,2008,2008-0304,2008203N18276,75000000.0,2014,88822764.83,88951468.91817951,25.7,82.1000000000008,1.0,0.0014479501101169715,2008-0304MEX,True,False,False,True,True,False,True
USA,840,NA2,2008,2008-0304,2008203N18276,1200000000.0,2014,1428540902.0,1428581211.9624615,25.7,91.80000000000094,1.0,2.8217178584917624e-05,2008-0304USA,True,False,False,True,False,True,True
USA,840,NA2,2008,2008-0338,2008229N18293,180000000.0,2014,214281135.2,214393281.6214412,25.7,62.40000000000053,1.0,0.0005232242447833376,2008-0338USA,True,False,False,True,False,False,True
CUB,192,NA1,2008,2008-0352,2008238N13293,2072000000.0,2014,2748386795.0,2735471659.358314,25.7,45.300000000000274,1.0,-0.004710245396574461,2008-0352CUB,True,False,False,True,False,False,True
JAM,388,NA1,2008,2008-0352,2008238N13293,66198000.0,2014,67028878.91,67033295.53386481,25.7,95.200000000001,1.0,6.588918738244445e-05,2008-0352JAM,True,True,False,True,False,False,True
USA,840,NA2,2008,2008-0352,2008238N13293,7000000000.0,2014,8333155259.0,8311297725.907302,25.7,75.2000000000007,1.0,-0.002626406007691656,2008-0352USA,False,False,False,False,False,False,False
CHN,156,WP3,2008,2008-0369,2008229N13147,58000000.0,2014,132220603.1,132190362.99254668,25.7,83.30000000000081,1.0,-0.0002287356536837196,2008-0369CHN,True,False,False,False,False,False,True
HKG,344,WP4,2008,2008-0369,2008229N13147,380000.0,2014,505083.5374,918937.02512315,25.7,325.70000000000425,1.0,0.5984937583815019,2008-0369HKG,False,False,False,False,False,False,False
PHL,608,WP2,2008,2008-0369,2008229N13147,33870000.0,2014,55333794.03,54962062.87891845,25.7,40.90000000000022,1.0,-0.00674064410042664,2008-0369PHL,False,False,False,False,False,False,False
USA,840,NA2,2008,2008-0378,2008241N19303,160000000.0,2014,190472120.2,190624644.90562293,25.7,211.80000000000263,1.0,0.0008004513694809161,2008-0378USA,False,False,False,False,False,False,False
CUB,192,NA1,2008,2008-0384,2008245N17323,1500000000.0,2014,1989662255.0,1988880448.3204453,25.7,81.6000000000008,1.0,-0.00039301158636057747,2008-0384CUB,True,True,False,True,False,False,True
TCA,796,NA1,2008,2008-0384,2008245N17323,500000000.0,2014,500000000.0,500063361.01282215,25.7,33.500000000000114,1.0,0.00012671399708659705,2008-0384TCA,False,False,False,False,False,False,False
USA,840,NA2,2008,2008-0384,2008245N17323,30000000000.0,2014,35713522539.0,35674564453.997505,25.7,80.60000000000078,1.0,-0.001091445099900968,2008-0384USA,True,False,False,True,False,False,True
CHN,156,WP3,2008,2008-0426,2008262N16142,824000000.0,2014,1878444430.0,1876942978.189069,25.7,144.70000000000167,1.0,-0.0007996255660118186,2008-0426CHN,False,False,False,False,False,False,False
PHL,608,WP2,2008,2008-0426,2008262N16142,7420000.0,2014,12122136.16,5780902.11568678,25.7,25.8,1.0,-0.7404734700517721,2008-0426PHL,True,False,False,False,True,False,True
VNM,704,WP1,2008,2008-0437,2008272N15113,6500000.0,2014,12209487.86,12248048.243842505,25.7,58.20000000000046,1.0,0.003153254328589083,2008-0437VNM,True,False,False,True,False,False,True
TWN,158,WP4,2008,2008-0441,2008268N12140,90000000.0,2014,114489207.21852686,297519658.5932331,25.7,325.70000000000425,1.0,0.9549997436561988,2008-0441TWN,True,False,False,True,False,False,True
VNM,704,WP1,2008,2008-0552,2008320N08122,1000000.0,2014,1878382.747,1876049.3104610941,25.7,111.2000000000012,1.0,-0.0012430305322601123,2008-0552VNM,True,False,False,True,False,False,True
MDG,450,SI,2009,2009-0137,2009093S12062,5000000.0,2014,6241556.912000001,6276216.073659012,25.7,48.70000000000032,1.0,0.005537606452444568,2009-0137MDG,False,False,False,False,False,False,False
PHL,608,WP2,2009,2009-0165,2009123N10111,30342000.0,2014,51295833.0,51293642.52151201,25.7,147.50000000000168,1.0,-4.270376619406655e-05,2009-0165PHL,True,False,False,True,True,False,True
TWN,158,WP4,2009,2009-0321,2009215N20133,250000000.0,2014,338247183.1596558,338441840.8502733,25.7,53.2000000000004,1.0,0.0005753239348652392,2009-0321TWN,True,False,False,True,True,False,True
MEX,484,NA1,2009,2009-0384,2009239N12270,40000000.0,2014,58422121.35,58579297.04537547,25.7,61.1000000000005,1.0,0.002686733068354903,2009-0384MEX,True,False,False,True,True,False,True
CHN,156,WP3,2009,2009-0399,2009254N14130,295001000.0,2014,605154271.7,606293567.6713799,25.7,82.1000000000008,1.0,0.0018808837990865444,2009-0399CHN,True,False,False,True,False,False,True
PHL,608,WP2,2009,2009-0414,2009268N14128,237489000.0,2014,401496146.7,395915626.64365464,25.7,32.8000000000001,1.0,-0.013996811558548249,2009-0414PHL,True,False,False,True,False,False,True
VNM,704,WP1,2009,2009-0414,2009268N14128,785000000.0,2014,1378777736.0,1372999962.8776882,25.7,48.900000000000325,1.0,-0.0041993084072128465,2009-0414VNM,True,False,False,True,False,False,True
CHN,156,WP3,2009,2009-0422,2009270N10148,35000000.0,2014,71797721.06,71181089.0188376,25.7,41.30000000000023,1.0,-0.00862555596801229,2009-0422CHN,False,False,False,False,False,False,False
PHL,608,WP2,2009,2009-0422,2009270N10148,585379000.0,2014,989634942.4,984393842.3982693,25.7,39.40000000000018,1.0,-0.005310066760198488,2009-0422PHL,True,False,False,True,True,False,True
VNM,704,WP1,2009,2009-0422,2009270N10148,200000.0,2014,351280.9518,351352.4225895291,25.7,151.90000000000182,1.0,0.00020343693419830265,2009-0422VNM,False,False,False,False,False,False,False
JPN,392,WP4,2009,2009-0423,2009272N07164,1000000000.0,2014,927176205.2,926315897.8787557,25.7,142.60000000000167,1.0,-0.0009283097366282879,2009-0423JPN,False,True,False,False,False,False,False
PHL,608,WP2,2009,2009-0478,2009299N12153,15194000.0,2014,25686800.03,43613859.9858855,25.7,325.70000000000425,1.0,0.5293977469785385,2009-0478PHL,True,False,False,False,True,False,True
VNM,704,WP1,2009,2009-0478,2009299N12153,280000000.0,2014,491793332.5,489595236.2329028,25.7,45.400000000000276,1.0,-0.004479571115484606,2009-0478VNM,True,False,False,True,False,False,True
FJI,242,OC,2009,2009-0554,2009346S10172,13300000.0,2014,20772286.48,20735822.70173891,25.7,76.90000000000073,1.0,-0.0017569476596168377,2009-0554FJI,True,False,False,True,False,False,True
IND,356,NI,2009,2009-0609,2009313N11072,300000000.0,2014,455879199.2,456382862.37097716,25.7,44.400000000000254,1.0,0.0011042073179829632,2009-0609IND,False,False,False,False,False,False,False
FJI,242,OC,2010,2010-0106,2010069S12188,39427000.0,2014,56286310.68,13492148.223108806,25.7,25.8,1.0,-1.428343452885227,2010-0106FJI,True,False,False,True,False,False,True
OMN,512,NI,2010,2010-0210,2010151N14065,1000000000.0,2014,1382561646.0,1385900124.6495125,25.7,39.600000000000186,1.0,0.002411794378499025,2010-0210OMN,False,False,False,False,False,False,False
MEX,484,NA1,2010,2010-0260,2010176N16278,2000000000.0,2014,2485464847.0,2478270330.155984,25.7,46.5000000000003,1.0,-0.0028988338923594905,2010-0260MEX,True,False,False,True,False,False,True
CHN,156,WP3,2010,2010-0308,2010191N12138,500000.0,2014,859123.4391,2692108.346560781,25.7,325.70000000000425,1.0,1.1421673249711408,2010-0308CHN,False,False,False,False,False,False,False
PHL,608,WP2,2010,2010-0308,2010191N12138,8675000.0,2014,12369162.52,31196159.09187623,25.7,325.70000000000425,1.0,0.9250884996012441,2010-0308PHL,True,False,False,True,False,False,True
VNM,704,WP1,2010,2010-0308,2010191N12138,500000.0,2014,803078.7658,803262.4956258656,25.7,165.000000000002,1.0,0.00022875565868708125,2010-0308VNM,False,False,False,False,False,False,False
VNM,704,WP1,2010,2010-0432,2010233N17119,44000000.0,2014,70670931.39,70678446.18809606,25.7,39.000000000000185,1.0,0.00010632941201302064,2010-0432VNM,False,False,False,False,False,False,False
ATG,28,NA1,2010,2010-0468,2010236N12341,12600000.0,2014,13945942.61,14028748.4615298,25.7,41.50000000000023,1.0,0.005920072050916618,2010-0468ATG,True,False,False,True,False,False,True
CHN,156,WP3,2010,2010-0484,2010256N17137,298285000.0,2014,512527270.1,513249853.3884216,25.7,91.90000000000092,1.0,0.0014088506974753846,2010-0484CHN,True,False,False,True,True,False,True
TWN,158,WP4,2010,2010-0484,2010256N17137,63100000.0,2014,75033445.70438494,75060353.69874698,25.7,303.00000000000387,1.0,0.0003585490507578688,2010-0484TWN,True,False,False,True,False,False,True
MEX,484,NA1,2010,2010-0494,2010257N16282,3900000000.0,2014,4846656451.0,4857140116.246852,25.7,62.40000000000053,1.0,0.0021607355951923208,2010-0494MEX,True,False,False,True,False,False,True
CHN,156,WP3,2010,2010-0543,2010285N13145,420000000.0,2014,721663688.8,724623069.9171448,25.7,54.0000000000004,1.0,0.00409239070956423,2010-0543CHN,False,False,False,False,False,False,False
PHL,608,WP2,2010,2010-0543,2010285N13145,275745000.0,2014,393168267.4,392849298.4899965,25.7,91.80000000000094,1.0,-0.0008116076315704914,2010-0543PHL,False,False,False,False,False,False,False
TWN,158,WP4,2010,2010-0543,2010285N13145,10000000.0,2014,11891195.832707595,11938433.231690127,25.7,44.70000000000028,1.0,0.003964598922472227,2010-0543TWN,True,False,False,False,True,False,True
MMR,104,NI,2010,2010-0554,2010293N17093,57000000.0,2014,75300204.74,75386609.11226192,25.7,53.7000000000004,1.0,0.0011468074680553288,2010-0554MMR,True,False,False,True,False,True,True
LCA,662,NA1,2010,2010-0571,2010302N09306,500000.0,2014,548667.5019,549287.1249734336,25.7,122.10000000000136,1.0,0.0011286862390258098,2010-0571LCA,True,False,False,True,True,False,True
VCT,670,NA1,2010,2010-0571,2010302N09306,25000000.0,2014,26706058.15,26769270.954546705,25.7,45.10000000000028,1.0,0.0023641868146890587,2010-0571VCT,False,False,False,False,False,False,False
AUS,36,OC,2011,2011-0070,2011028S13180,2500000000.0,2014,2626722487.0,2625314348.67276,25.7,34.40000000000012,1.0,-0.0005362256225687124,2011-0070AUS,True,False,False,True,False,False,True
TON,776,OC,2011,2011-0091,2011020S13182,3000000.0,2014,3148217.183,3150478.2202155073,25.7,129.2000000000015,1.0,0.0007179382928951134,2011-0091TON,False,False,False,False,False,False,False
PHL,608,WP2,2011,2011-0272,2011205N12130,63258000.0,2014,80315874.36,80536440.16033143,25.7,55.00000000000041,1.0,0.0027424652138936453,2011-0272PHL,True,False,False,True,True,False,True
BHS,44,NA1,2011,2011-0328,2011233N15301,40000000.0,2014,43522583.4,43398979.161698736,25.7,53.5000000000004,1.0,-0.002844042789238592,2011-0328BHS,False,False,False,False,False,False,False
DOM,214,NA1,2011,2011-0328,2011233N15301,30000000.0,2014,34283168.75,34047442.11639749,25.7,44.800000000000274,1.0,-0.006899618362980316,2011-0328DOM,True,False,False,True,False,False,True
PRI,630,NA1,2011,2011-0328,2011233N15301,500000000.0,2014,510433804.3,513965889.57906497,25.7,46.20000000000029,1.0,0.006895939733718051,2011-0328PRI,True,False,False,True,False,False,True
USA,840,NA2,2011,2011-0328,2011233N15301,7300000000.0,2014,8229569135.0,8230835741.640282,25.7,157.50000000000188,1.0,0.00015389738615460404,2011-0328USA,True,False,False,True,False,False,True
PHL,608,WP2,2011,2011-0341,2011233N12129,34452000.0,2014,43742174.96,43822836.00904214,25.7,55.00000000000041,1.0,0.001842312836232466,2011-0341PHL,False,False,False,False,False,False,False
PHL,608,WP2,2011,2011-0378,2011270N18139,2655000.0,2014,3370935.635,4948189.698942938,25.7,325.70000000000425,1.0,0.38383144997551566,2011-0378PHL,True,False,False,False,True,False,True
CHN,156,WP3,2011,2011-0379,2011266N13139,219000000.0,2014,303152614.2,303944727.7667503,25.7,72.50000000000067,1.0,0.0026095123845516458,2011-0379CHN,True,False,False,True,False,False,True
PHL,608,WP2,2011,2011-0379,2011266N13139,344173000.0,2014,436981179.1,436500548.0279459,25.7,67.40000000000059,1.0,-0.0011004949631671505,2011-0379PHL,False,False,False,False,False,False,False
MEX,484,NA1,2011,2011-0385,2011279N10257,27700000.0,2014,30846033.58,30773744.46692045,25.7,85.20000000000084,1.0,-0.0023462968720136578,2011-0385MEX,True,False,False,True,True,False,True
USA,840,NA2,2011,2011-0456,2011245N27269,750000000.0,2014,845503678.2,851364151.3388159,25.7,39.90000000000021,1.0,0.0069074283079640425,2011-0456USA,True,False,False,True,False,False,True
PHL,608,WP2,2011,2011-0519,2011346N03156,38082000.0,2014,48351024.81,48256972.53614835,25.7,54.30000000000041,1.0,-0.0019470914654951318,2011-0519PHL,True,False,False,True,True,False,True
IND,356,NI,2011,2011-0566,2011360N09088,375625000.0,2014,420146061.5,420291427.8388826,25.7,93.60000000000096,1.0,0.0003459301665531894,2011-0566IND,False,False,False,False,False,False,False
MDG,450,SI,2012,2012-0043,2012039S14075,100000000.0,2014,107598319.7,107520211.82727344,25.7,90.30000000000092,1.0,-0.0007261845421172123,2012-0043MDG,True,False,False,True,False,False,True
CHN,156,WP3,2012,2012-0259,2012201N15129,329000000.0,2014,402859805.3,402882495.9603665,25.7,160.1000000000019,1.0,5.6322375868711745e-05,2012-0259CHN,True,False,False,True,False,False,True
TWN,158,WP4,2012,2012-0260,2012209N11131,27000000.0,2014,28883557.597107597,28892236.54478822,25.7,306.200000000004,1.0,0.0003004354288783718,2012-0260TWN,True,False,False,False,True,False,True
MEX,484,NA1,2012,2012-0276,2012215N12313,300000000.0,2014,328342750.7,328480450.50418586,25.7,60.300000000000495,1.0,0.0004192903233343774,2012-0276MEX,False,False,False,False,False,False,False
CHN,156,WP3,2012,2012-0282,2012215N23146,1500000000.0,2014,1836746833.0,1830219334.0130265,25.7,55.00000000000041,1.0,-0.003560166952314712,2012-0282CHN,False,False,False,False,False,False,False
CHN,156,WP3,2012,2012-0294,2012225N16133,262000000.0,2014,320818446.7,320777868.8050893,25.7,136.9000000000016,1.0,-0.00012649042391348175,2012-0294CHN,False,False,False,False,False,False,False
PHL,608,WP2,2012,2012-0294,2012225N16133,3000000.0,2014,3413756.742,3418483.0174298664,25.7,33.500000000000114,1.0,0.0013835217586549192,2012-0294PHL,False,False,False,False,False,False,False
VNM,704,WP1,2012,2012-0294,2012225N16133,6800000.0,2014,8125989.1170000015,8149995.198095841,25.7,61.30000000000051,1.0,0.0029498797785843024,2012-0294VNM,True,False,False,False,True,False,True
USA,840,NA2,2012,2012-0313,2012234N16315,2000000000.0,2014,2163578370.0,2161055348.673481,25.7,75.7000000000007,1.0,-0.0011668140133454675,2012-0313USA,True,False,False,True,False,False,True
MEX,484,NA1,2012,2012-0401,2012166N09269,555000000.0,2014,607434088.9,610325397.6776644,25.7,46.100000000000286,1.0,0.0047485800645268765,2012-0401MEX,False,False,False,False,False,False,False
CHN,156,WP3,2012,2012-0406,2012296N06135,197000000.0,2014,241226084.0,241139506.5045333,25.7,51.50000000000037,1.0,-0.0003589704493882133,2012-0406CHN,False,False,False,False,False,False,False
PHL,608,WP2,2012,2012-0406,2012296N06135,1339000.0,2014,1523673.426,1521994.5249294983,25.7,112.30000000000122,1.0,-0.0011024847538249967,2012-0406PHL,True,False,False,True,True,False,True
VNM,704,WP1,2012,2012-0406,2012296N06135,336000000.0,2014,401519462.3,400817204.267308,25.7,100.40000000000109,1.0,-0.0017505325165499545,2012-0406VNM,True,False,False,True,False,False,True
JAM,388,NA1,2012,2012-0410,2012296N14283,16542000.0,2014,15483975.86,15480905.54612424,25.7,162.20000000000198,1.0,-0.0001983094232173223,2012-0410JAM,False,False,False,False,False,False,False
USA,840,NA2,2012,2012-0410,2012296N14283,50000000000.0,2014,54089459244.0,53991359584.67074,25.7,94.30000000000095,1.0,-0.0018153024251960602,2012-0410USA,True,False,False,True,False,True,True
JPN,392,WP4,2012,2012-0414,2012232N13141,86000000.0,2014,67245080.24,67227907.24511701,25.7,255.1000000000033,1.0,-0.00025541181612025497,2012-0414JPN,False,False,False,False,False,False,False
KOR,410,WP4,2012,2012-0414,2012232N13141,450000000.0,2014,519378870.9,517916090.4080278,25.7,31.200000000000077,1.0,-0.0028203770695489033,2012-0414KOR,False,False,False,False,False,False,False
FJI,242,OC,2012,2012-0498,2012346S14180,8400000.0,2014,9481515.123,9479088.612093464,25.7,244.00000000000315,1.0,-0.0002559529172894563,2012-0498FJI,False,False,False,False,False,False,False
WSM,882,OC,2012,2012-0498,2012346S14180,133000000.0,2014,133663025.6,133838355.8077323,25.7,83.00000000000081,1.0,0.0013108734759930095,2012-0498WSM,True,False,False,True,False,False,True
PHL,608,WP2,2012,2012-0500,2012331N03157,898352000.0,2014,1022251732.0,1020502716.0531447,25.7,85.60000000000083,1.0,-0.0017124098061964453,2012-0500PHL,False,False,False,False,False,False,False
JPN,392,WP4,2012,2012-0588,2012254N09135,31000000.0,2014,24239505.67,42923630.54134427,25.7,325.70000000000425,1.0,0.5714387349118641,2012-0588JPN,False,False,False,False,False,False,False
KOR,410,WP4,2012,2012-0588,2012254N09135,349000000.0,2014,402807168.8,403100611.24589413,25.7,198.7000000000025,1.0,0.0007282283807845698,2012-0588KOR,False,False,False,False,False,False,False
MDG,450,SI,2013,2013-0032,2013046S20042,25000000.0,2014,25169373.46,25243534.93596181,25.7,44.000000000000256,1.0,0.0029421642915935103,2013-0032MDG,True,False,False,True,False,False,True
CHN,156,WP3,2013,2013-0249,2013187N20156,460000000.0,2014,501902623.4,502723049.35278153,25.7,67.9000000000006,1.0,0.0016332971721065165,2013-0249CHN,False,False,False,False,False,False,False
CHN,156,WP3,2013,2013-0258,2013178N09133,177000000.0,2014,193123400.7,192852737.91638875,25.7,95.30000000000099,1.0,-0.001402484769896886,2013-0258CHN,False,False,False,False,False,False,False
PHL,608,WP2,2013,2013-0258,2013178N09133,1000000.0,2014,1046897.37,1046966.9161451156,25.7,263.2000000000034,1.0,6.642851268000135e-05,2013-0258PHL,False,False,False,False,False,False,False
CHN,156,WP3,2013,2013-0272,2013220N12137,2120000000.0,2014,2313116438.0,2310410970.3950233,25.7,73.30000000000071,1.0,-0.0011703046937069255,2013-0272CHN,True,False,False,True,False,False,True
PHL,608,WP2,2013,2013-0272,2013220N12137,32431000.0,2014,33951928.59,33991276.65366109,25.7,129.6000000000015,1.0,0.001158263520803915,2013-0272PHL,False,False,False,False,False,False,False
CHN,156,WP3,2013,2013-0306,2013228N23124,376000000.0,2014,410250840.0,409855850.53863215,25.7,108.70000000000117,1.0,-0.0009632636740232364,2013-0306CHN,True,False,False,True,False,False,True
TWN,158,WP4,2013,2013-0306,2013228N23124,12000000.0,2014,12443691.250373827,12287826.894456107,25.7,36.10000000000015,1.0,-0.012604678662797726,2013-0306TWN,False,False,False,False,False,False,False
CHN,156,WP3,2013,2013-0341,2013210N13123,20000000.0,2014,21821853.19,21795648.15559575,25.7,93.80000000000095,1.0,-0.001201583618902447,2013-0341CHN,True,False,False,True,False,False,True
VNM,704,WP1,2013,2013-0341,2013210N13123,1000000.0,2014,1087504.092,1085162.1608163228,25.7,70.90000000000066,1.0,-0.002155813933832077,2013-0341VNM,False,False,False,False,False,False,False
IND,356,NI,2013,2013-0401,2013281N12098,633471000.0,2014,695703513.0,696115605.6063325,25.7,89.00000000000091,1.0,0.0005921640432517186,2013-0401IND,True,True,False,True,False,False,True
VNM,704,WP1,2013,2013-0419,2013269N15118,663230000.0,2014,721265338.8,723859353.7616807,25.7,43.00000000000024,1.0,0.0035900261909112157,2013-0419VNM,False,False,False,False,False,False,False
CHN,156,WP3,2013,2013-0429,2013272N10135,6700000000.0,2014,7310320819.0,7266229952.691205,25.7,41.900000000000226,1.0,-0.00604957941929188,2013-0429CHN,True,True,False,True,False,False,True
PHL,608,WP2,2013,2013-0430,2013282N14132,96723000.0,2014,101259054.3,101188259.50534278,25.7,148.90000000000177,1.0,-0.0006993898433351438,2013-0430PHL,True,False,False,True,False,False,True
VNM,704,WP1,2013,2013-0430,2013282N14132,76000000.0,2014,82650310.98,82572342.37792028,25.7,117.10000000000127,1.0,-0.0009438004569315729,2013-0430VNM,False,False,False,False,False,False,False
PHL,608,WP2,2013,2013-0433,2013306N07162,10000000000.0,2014,10468973696.0,10506773245.484964,25.7,50.90000000000036,1.0,0.003604123420013443,2013-0433PHL,False,True,False,False,False,False,False
VNM,704,WP1,2013,2013-0433,2013306N07162,734000000.0,2014,798228003.4,798138198.3818746,25.7,45.500000000000284,1.0,-0.00011251180101395168,2013-0433VNM,False,False,False,False,False,False,False
PHL,608,WP2,2013,2013-0437,2013301N13142,4729000.0,2014,4950777.661,4956830.361272535,25.7,141.40000000000163,1.0,0.0012218289241798551,2013-0437PHL,True,False,False,True,False,False,True
TON,776,OC,2014,2014-0001,2014004S17183,31000000.0,2014,31000000.0,30964281.911298484,25.7,39.40000000000018,1.0,-0.0011528606983192404,2014-0001TON,False,False,False,False,False,False,False
VUT,548,OC,2014,2014-0096,2014068S16169,2000000.0,2014,2000000.0,2008990.460680516,25.7,31.300000000000075,1.0,0.004485156969152688,2014-0096VUT,True,False,False,True,False,False,True
CHN,156,WP3,2014,2014-0227,2014190N08154,4232973000.0,2014,4232973000.0,4228685984.9753428,25.7,130.9000000000015,1.0,-0.0010132801142357698,2014-0227CHN,True,False,False,True,True,False,True
PHL,608,WP2,2014,2014-0227,2014190N08154,820576000.0,2014,820576000.0,820579917.4740683,25.7,248.5000000000032,1.0,4.774042522873364e-06,2014-0227PHL,True,False,False,True,True,False,True
VNM,704,WP1,2014,2014-0227,2014190N08154,6200000.0,2014,6200000.0,6228610.472051263,25.7,40.80000000000021,1.0,0.004603977677580108,2014-0227VNM,True,False,False,True,True,False,True
JPN,392,WP4,2014,2014-0236,2014184N08147,156000000.0,2014,156000000.0,156761680.49301296,25.7,35.400000000000134,1.0,0.004870686189098588,2014-0236JPN,True,False,False,True,True,False,True
CHN,156,WP3,2014,2014-0240,2014197N10137,500000000.0,2014,500000000.0,498637013.12758064,25.7,49.900000000000354,1.0,-0.0027296959772783345,2014-0240CHN,False,False,False,False,False,False,False
TWN,158,WP4,2014,2014-0240,2014197N10137,20000000.0,2014,20000000.0,84602726.22562778,25.7,325.70000000000425,1.0,1.4422342174281932,2014-0240TWN,True,False,False,True,False,False,True
USA,840,NA2,2014,2014-0310,2014212N11242,66000000.0,2014,66000000.0,66401401.64591037,25.7,37.000000000000156,1.0,0.006063423358324417,2014-0310USA,False,False,False,False,False,False,False
JPN,392,WP4,2014,2014-0316,2014209N12152,200000000.0,2014,200000000.0,200068150.72631893,25.7,300.1000000000039,1.0,0.0003406955882612467,2014-0316JPN,False,False,False,False,False,False,False
MEX,484,NA1,2014,2014-0333,2014253N13260,2500000000.0,2014,2500000000.0,2501601560.443193,25.7,66.10000000000058,1.0,0.0006404190652040759,2014-0333MEX,True,False,False,True,False,False,True
CHN,156,WP3,2014,2014-0390,2014254N10142,2900000000.0,2014,2900000000.0,2892991825.459032,25.7,79.20000000000076,1.0,-0.0024195366301333447,2014-0390CHN,True,False,False,True,False,False,True
PHL,608,WP2,2014,2014-0390,2014254N10142,19183000.0,2014,19183000.0,19172694.477905083,25.7,99.70000000000105,1.0,-0.0005373659626389813,2014-0390PHL,True,False,False,True,False,True,True
VNM,704,WP1,2014,2014-0390,2014254N10142,4500000.0,2014,4500000.0,4496723.335724639,25.7,101.30000000000109,1.0,-0.000728412844980795,2014-0390VNM,False,False,False,False,False,False,False
IND,356,NI,2014,2014-0392,2014279N11096,7000000000.0,2014,7000000000.0,6989678401.647922,25.7,67.7000000000006,1.0,-0.0014756022159478014,2014-0392IND,False,True,False,False,False,False,False
JPN,392,WP4,2014,2014-0396,2014275N06166,100000000.0,2014,100000000.0,100017513.36818159,25.7,255.20000000000329,1.0,0.00017511834770294265,2014-0396JPN,False,False,False,False,False,False,False
PHL,608,WP2,2014,2014-0479,2014334N02156,113878000.0,2014,113878000.0,113992423.69127381,25.7,85.40000000000084,1.0,0.0010042874282453526,2014-0479PHL,True,False,False,True,True,False,True
PHL,608,WP2,2014,2014-0497,2014362N07130,17688000.0,2014,17688000.0,17619650.108808354,25.7,57.00000000000044,1.0,-0.0038716808601477978,2014-0497PHL,True,False,False,False,True,False,True
PHL,608,WP2,2015,2015-0017,2015012N09146,1000000.0,2014,972027.6618,973519.9526984392,25.7,107.60000000000116,1.0,0.001534057742892824,2015-0017PHL,True,False,False,True,True,False,True
AUS,36,OC,2015,2015-0053,2015045S12145,78000000.0,2014,84702479.43,2995180.15171976,25.7,25.8,1.0,-3.3421404937279724,2015-0053AUS,False,False,False,False,False,False,False
AUS,36,OC,2015,2015-0079,2015047S15152,546000000.0,2014,592917356.0,592586612.3630829,25.7,102.20000000000108,1.0,-0.0005579798201013318,2015-0079AUS,False,False,False,False,False,False,False
VUT,548,OC,2015,2015-0093,2015066S08170,449400000.0,2014,496316510.4,497403875.66220343,25.7,47.50000000000031,1.0,0.002188474165252081,2015-0093VUT,True,False,False,True,False,False,True
FSM,583,OC,2015,2015-0105,2015085N06162,11000000.0,2014,11098409.57,11055456.774260983,25.7,45.70000000000029,1.0,-0.0038776842735211772,2015-0105FSM,False,False,False,False,False,False,False
JPN,392,WP4,2015,2015-0176,2015122N07144,23200000.0,2014,25604132.8,25609493.60389272,25.7,228.30000000000285,1.0,0.0002093506860858367,2015-0176JPN,False,False,False,False,False,False,False
PHL,608,WP2,2015,2015-0176,2015122N07144,348000.0,2014,338265.6263,338117.5536520406,25.7,193.8000000000024,1.0,-0.0004378365835040093,2015-0176PHL,False,False,False,False,False,False,False
CHN,156,WP3,2015,2015-0244,2015180N09160,940000000.0,2014,890531131.4,891327043.8701164,25.7,37.400000000000155,1.0,0.0008933511478027524,2015-0244CHN,False,False,False,False,False,False,False
CHN,156,WP3,2015,2015-0278,2015183N13130,213000000.0,2014,201790564.9,201653318.1693728,25.7,169.90000000000202,1.0,-0.0006803758424962387,2015-0278CHN,False,False,False,False,False,False,False
PHL,608,WP2,2015,2015-0278,2015183N13130,2218000.0,2014,2155957.3540000003,2153497.385663697,25.7,50.200000000000344,1.0,-0.0011416611855107769,2015-0278PHL,True,False,False,False,True,False,True
CHN,156,WP3,2015,2015-0339,2015211N13162,1282690000.0,2014,1215186571.0,1216891387.3587613,25.7,61.1000000000005,1.0,0.0014019424271567444,2015-0339CHN,True,False,False,True,False,False,True
CHN,156,WP3,2015,2015-0458,2015263N14148,661000000.0,2014,626213912.6,626317002.2176753,25.7,120.20000000000134,1.0,0.00016461009734535547,2015-0458CHN,False,False,False,False,False,False,False
PHL,608,WP2,2015,2015-0462,2015285N14151,210985000.0,2014,205083256.2,204978171.43103367,25.7,107.00000000000117,1.0,-0.0005125318510145444,2015-0462PHL,True,False,False,True,True,False,True
MEX,484,NA1,2015,2015-0470,2015293N13266,823000000.0,2014,924242990.8,923900657.3582118,25.7,100.00000000000105,1.0,-0.00037046194547114185,2015-0470MEX,True,False,False,True,False,False,True
CPV,132,NA1,2015,2015-0473,2015242N12343,1100000.0,2014,1281242.483,1282841.9671288796,25.7,73.30000000000071,1.0,0.0012476065960063771,2015-0473CPV,False,False,False,False,False,False,False
BHS,44,NA1,2015,2015-0479,2015270N27291,90000000.0,2014,83627197.41,1129342.5103966023,25.7,25.8,1.0,-4.304733180876069,2015-0479BHS,True,True,False,True,False,False,True
YEM,887,NI,2015,2015-0484,2015301N11065,200000000.0,2014,189625777.2,189687123.7272192,25.7,67.3000000000006,1.0,0.0003234613302322264,2015-0484YEM,False,False,False,False,False,False,False
CHN,156,WP3,2015,2015-0490,2015273N12130,4200000000.0,2014,3978968885.0,3980510860.2642994,25.7,126.80000000000143,1.0,0.00038745629939114143,2015-0490CHN,False,False,False,False,False,False,False
PHL,608,WP2,2015,2015-0490,2015273N12130,1300000.0,2014,1263635.96,1268652.4019429774,25.7,46.9000000000003,1.0,0.003961988358385722,2015-0490PHL,False,False,False,False,False,False,False
PHL,608,WP2,2015,2015-0543,2015344N07145,135217000.0,2014,131434664.3,131332250.98794705,25.7,189.3000000000024,1.0,-0.0007794993302441422,2015-0543PHL,True,False,False,True,True,False,True
FJI,242,OC,2016,2016-0041,2016041S14170,600000000.0,2014,575865848.2,575863677.2069325,25.7,65.20000000000056,1.0,-3.769970326597326e-06,2016-0041FJI,True,True,False,True,False,False,True
BGD,50,NI,2016,2016-0175,2016138N10081,600000000.0,2014,468492129.6,469418303.54728085,25.7,44.800000000000274,1.0,0.001974973762088667,2016-0175BGD,True,False,False,True,True,False,True
VNM,704,WP1,2016,2016-0268,2016207N17116,191000000.0,2014,173254832.0,172984694.25893643,25.7,118.20000000000131,1.0,-0.001560409920814534,2016-0268VNM,False,False,False,False,False,False,False
MEX,484,NA1,2016,2016-0319,2016248N15255,50000000.0,2014,60984824.31,60888078.83742719,25.7,102.20000000000108,1.0,-0.0015876456602878996,2016-0319MEX,True,False,False,True,False,False,True
USA,840,NA2,2016,2016-0322,2016242N24279,600000000.0,2014,561979044.5,561035932.488145,25.7,84.60000000000083,1.0,-0.0016796075794121713,2016-0322USA,True,True,False,True,False,False,True
CHN,156,WP3,2016,2016-0342,2016253N13144,2300000000.0,2014,2154362604.0,2152625313.040996,25.7,145.20000000000167,1.0,-0.0008067313336782072,2016-0342CHN,True,False,False,True,False,False,True
PHL,608,WP2,2016,2016-0342,2016253N13144,4913000.0,2014,4585811.217,269488.5479287378,25.7,25.8,1.0,-2.8341964018276995,2016-0342PHL,False,False,False,False,False,False,False
CHN,156,WP3,2016,2016-0350,2016266N11144,830000000.0,2014,777443896.3,776944854.0484319,25.7,73.30000000000071,1.0,-0.0006421074118074348,2016-0350CHN,True,False,False,False,True,False,True
TWN,158,WP4,2016,2016-0350,2016266N11144,110000000.0,2014,109825691.57835504,109814310.46543308,25.7,314.9000000000041,1.0,-0.00010363424536741346,2016-0350TWN,True,False,False,False,True,False,True
KOR,410,WP4,2016,2016-0361,2016269N15165,126000000.0,2014,125690947.1,125667384.4314052,25.7,109.00000000000118,1.0,-0.00018748269468729897,2016-0361KOR,True,False,False,True,True,False,True
IND,356,NI,2016,2016-0485,2016341N08092,1000000000.0,2014,890280689.2,888918839.1744871,25.7,116.9000000000013,1.0,-0.0015308572981893877,2016-0485IND,True,False,False,True,False,False,True
PHL,608,WP2,2016,2016-0503,2016355N07146,103661000.0,2014,96757536.45,96759817.38394168,25.7,192.8000000000024,1.0,2.3573430460798286e-05,2016-0503PHL,False,False,False,False,False,False,False
MOZ,508,SI,2017,2017-0051,2017043S19040,17000000.0,2014,22801692.01,22709916.84450845,25.7,42.60000000000024,1.0,-0.004033049685509434,2017-0051MOZ,True,False,False,True,False,False,True
MDG,450,SI,2017,2017-0075,2017061S11061,20000000.0,2014,18562954.38,18597400.418978453,25.7,63.70000000000054,1.0,0.0018539138837991695,2017-0075MDG,True,False,False,True,False,False,True
AUS,36,OC,2017,2017-0105,2017081S13152,2700000000.0,2014,2988753820.0,3008926311.800145,25.7,31.100000000000076,1.0,0.006726790166665026,2017-0105AUS,True,False,False,True,False,False,True
CHN,156,WP3,2017,2017-0281,2017195N16114,3600000.0,2014,3083629.94,3082466.5569210444,25.7,53.8000000000004,1.0,-0.00037734832510033777,2017-0281CHN,False,False,False,False,False,False,False
VNM,704,WP1,2017,2017-0281,2017195N16114,71000000.0,2014,59078283.51,58458649.26045024,25.7,30.30000000000007,1.0,-0.010543749532379245,2017-0281VNM,False,False,False,False,False,False,False
MEX,484,NA1,2017,2017-0334,2017219N16279,2000000.0,2014,2284434.574,2285643.247046804,25.7,146.10000000000173,1.0,0.0005289507629034127,2017-0334MEX,True,False,False,True,True,False,True
CHN,156,WP3,2017,2017-0352,2017232N19130,3500000000.0,2014,2997973553.0,2996468737.9060674,25.7,147.20000000000172,1.0,-0.0005020701017760833,2017-0352CHN,True,False,False,True,False,False,True
HKG,344,WP4,2017,2017-0352,2017232N19130,755500000.0,2014,644890817.2,644839735.1999444,25.7,151.20000000000178,1.0,-7.921344499018767e-05,2017-0352HKG,True,False,False,True,False,False,True
MAC,446,WP4,2017,2017-0352,2017232N19130,1420000000.0,2014,1560609286.0,1560092036.2748725,25.7,131.80000000000152,1.0,-0.0003314958251032149,2017-0352MAC,True,False,False,True,False,False,True
USA,840,NA2,2017,2017-0362,2017228N14314,95000000000.0,2014,85426343701.0,85468133335.83282,25.7,28.70000000000004,1.0,0.0004890694701244296,2017-0362USA,True,False,False,True,False,True,True
ATG,28,NA1,2017,2017-0381,2017242N16333,250000000.0,2014,211176356.8,211075260.6243609,25.7,60.900000000000496,1.0,-0.00047884329342536133,2017-0381ATG,False,False,False,False,False,False,False
BHS,44,NA1,2017,2017-0381,2017242N16333,2000000.0,2014,1801876.321,611837.8929579936,25.7,25.8,1.0,-1.0801164348799928,2017-0381BHS,False,False,False,False,False,False,False
CUB,192,NA1,2017,2017-0381,2017242N16333,13200000000.0,2014,10992753818.0,10904237006.844852,25.7,33.70000000000012,1.0,-0.008084881984329162,2017-0381CUB,True,False,False,True,False,False,True
KNA,659,NA1,2017,2017-0381,2017242N16333,20000000.0,2014,18484889.46,18486650.71492652,25.7,105.50000000000112,1.0,9.527625408723969e-05,2017-0381KNA,False,False,False,False,False,False,False
TCA,796,NA1,2017,2017-0381,2017242N16333,500000000.0,2014,500000000.0,500378956.57724464,25.7,48.70000000000032,1.0,0.0007576260833552147,2017-0381TCA,True,False,False,True,False,False,True
USA,840,NA2,2017,2017-0381,2017242N16333,57000000000.0,2014,51255806221.0,51206754325.17559,25.7,84.40000000000083,1.0,-0.0009574599602081907,2017-0381USA,True,False,False,True,False,False,True
VGB,92,NA1,2017,2017-0381,2017242N16333,3000000000.0,2014,3000000000.0,623619994.8546201,25.7,25.8,1.0,-1.5708263673908178,2017-0381VGB,False,False,False,False,False,False,False
DMA,212,NA1,2017,2017-0383,2017260N12310,1456000000.0,2014,1534596212.0,895118589.345998,25.7,25.8,1.0,-0.539066359785045,2017-0383DMA,True,False,False,True,True,False,True
DOM,214,NA1,2017,2017-0383,2017260N12310,63000000.0,2014,54813712.03,54934660.22401385,25.7,45.10000000000028,1.0,0.0022041008990707923,2017-0383DOM,True,False,False,True,True,False,True
PRI,630,NA1,2017,2017-0383,2017260N12310,68000000000.0,2014,67009049565.0,67027181962.1126,25.7,59.30000000000048,1.0,0.00027055963923530615,2017-0383PRI,True,False,False,True,False,True,True
VNM,704,WP1,2017,2017-0406,2017253N14130,484000000.0,2014,402730834.1,401345556.404447,25.7,48.60000000000032,1.0,-0.0034456404452706695,2017-0406VNM,False,False,False,False,False,False,False
USA,840,NA2,2017,2017-0410,2017277N11279,250000000.0,2014,224806167.6,224976913.086736,25.7,90.20000000000091,1.0,0.0007592348501740154,2017-0410USA,False,False,False,False,False,False,False
VNM,704,WP1,2017,2017-0422,2017304N11127,1000000000.0,2014,832088500.2,835046981.4343803,25.7,58.900000000000475,1.0,0.0035491828619360613,2017-0422VNM,True,False,False,True,False,False,True
JPN,392,WP4,2017,2017-0432,2017288N09138,1000000000.0,2014,995484463.5,995126307.2879,25.7,270.00000000000347,1.0,-0.00035984555214987706,2017-0432JPN,True,False,False,True,True,False,True
JPN,392,WP4,2017,2017-0468,2017252N14147,500000000.0,2014,497742231.7,622698955.4019822,25.7,325.70000000000425,1.0,0.22398084835508036,2017-0468JPN,True,False,False,True,True,False,True
CHN,156,WP3,2017,2017-0485,2017236N15129,56000000.0,2014,47967576.85,47983654.84582419,25.7,285.90000000000373,1.0,0.00033512849580983516,2017-0485CHN,False,False,False,False,False,False,False
LKA,144,NI,2017,2017-0508,2017333N06082,346000000.0,2014,314311010.2,316529153.61454296,25.7,44.10000000000026,1.0,0.007032375816145739,2017-0508LKA,True,False,False,True,True,False,True
