afterLF,pcen_low_bnds,a,b,freq,cumfreqlow,cumfreqhigh
0,0,48094.82219472223,1.409355646012154e-4,0.02127659574468085,-0.01,0.02127659574468085
0,0,2.183501549579587,0.6926657213920191,0.019756838905775075,0.02127659574468085,0.041033434650455926
0,0,48094.82219472223,1.8096484706319773e-4,0.019756838905775075,0.041033434650455926,0.060790273556231
0,0,2.183501549579587,0.8894003915357025,0.0182370820668693,0.060790273556231,0.0790273556231003
0,0,5.935372584634358,0.6926657213920191,0.0182370820668693,0.0790273556231003,0.0972644376899696
0,0,0.4872050504420379,1.1420127083438707,0.016717325227963525,0.0972644376899696,0.11398176291793313
0,0,1.324360635350064,1.1420127083438707,0.016717325227963525,0.11398176291793313,0.13069908814589665
0,0,3.599985449398555,0.4201229969562285,0.016717325227963525,0.13069908814589665,0.1474164133738602
0,0,3.599985449398555,0.6926657213920191,0.016717325227963525,0.1474164133738602,0.1641337386018237
0,0,5.935372584634358,0.539448606226824,0.016717325227963525,0.1641337386018237,0.18085106382978722
0,0,2.183501549579587,1.1420127083438707,0.015197568389057751,0.18085106382978722,0.19604863221884497
0,0,16.13401544194557,0.4201229969562285,0.015197568389057751,0.19604863221884497,0.21124620060790272
0,0,48094.82219472223,1.0976072807403713e-4,0.015197568389057751,0.21124620060790272,0.22644376899696048
0,0,0.4872050504420379,1.4663733436939348,0.013677811550151976,0.22644376899696048,0.24012158054711247
0,0,1.324360635350064,0.8894003915357025,0.013677811550151976,0.24012158054711247,0.25379939209726443
0,0,1.324360635350064,1.4663733436939348,0.013677811550151976,0.25379939209726443,0.2674772036474164
0,0,3.599985449398555,1.1420127083438707,0.013677811550151976,0.2674772036474164,0.28115501519756836
0,0,5.935372584634358,0.32719211901581624,0.013677811550151976,0.28115501519756836,0.2948328267477204
0,0,79294.95636297915,6.657324680928471e-5,0.013677811550151976,0.2948328267477204,0.30851063829787234
0,0,79294.95636297915,8.548174097454765e-5,0.013677811550151976,0.30851063829787234,0.3221884498480243
0,0,0.4872050504420379,0.8894003915357025,0.0121580547112462,0.3221884498480243,0.3343465045592705
0,0,0.4872050504420379,1.8828606436564015,0.0121580547112462,0.3343465045592705,0.3465045592705167
0,0,0.8032653298563167,1.1420127083438707,0.0121580547112462,0.3465045592705167,0.3586626139817629
0,0,3.599985449398555,0.8894003915357025,0.0121580547112462,0.3586626139817629,0.3708206686930091
0,0,16.13401544194557,0.25481747850430997,0.0121580547112462,0.3708206686930091,0.3829787234042553
0,0,79294.95636297915,1.0976072807403713e-4,0.0121580547112462,0.3829787234042553,0.3951367781155015
0,0,130735.28121488221,1.8550602100708792e-5,0.0121580547112462,0.3951367781155015,0.4072948328267477
0,0,0.29550480065993606,2.4176409225358597,0.010638297872340425,0.4072948328267477,0.41793313069908816
0,0,0.8032653298563167,1.4663733436939348,0.010638297872340425,0.41793313069908816,0.42857142857142855
0,0,0.8032653298563167,1.8828606436564015,0.010638297872340425,0.42857142857142855,0.439209726443769
0,0,2.183501549579587,0.539448606226824,0.010638297872340425,0.439209726443769,0.44984802431610943
0,0,9.785775029817062,0.19845205179943748,0.010638297872340425,0.44984802431610943,0.4604863221884498
0,0,29170.984234526677,8.548174097454765e-5,0.010638297872340425,0.4604863221884498,0.47112462006079026
0,0,79294.95636297915,1.409355646012154e-4,0.010638297872340425,0.47112462006079026,0.4817629179331307
0,0,0.8032653298563167,0.8894003915357025,0.00911854103343465,0.4817629179331307,0.4908814589665653
0,0,2.183501549579587,1.4663733436939348,0.00911854103343465,0.4908814589665653,0.5
0,0,17693.096312234295,2.983605926020897e-4,0.00911854103343465,0.5,0.5091185410334347
0,0,29170.984234526677,1.0976072807403713e-4,0.00911854103343465,0.5091185410334347,0.5182370820668692
0,0,29170.984234526677,1.409355646012154e-4,0.00911854103343465,0.5182370820668692,0.5273556231003039
0,0,0.29550480065993606,1.8828606436564015,0.007598784194528876,0.5273556231003039,0.5349544072948328
0,0,1.324360635350064,0.539448606226824,0.007598784194528876,0.5349544072948328,0.5425531914893617
0,0,5.935372584634358,0.8894003915357025,0.007598784194528876,0.5425531914893617,0.5501519756838905
0,0,9.785775029817062,0.32719211901581624,0.007598784194528876,0.5501519756838905,0.5577507598784195
0,0,9.785775029817062,0.4201229969562285,0.007598784194528876,0.5577507598784195,0.5653495440729484
0,0,9.785775029817062,0.539448606226824,0.007598784194528876,0.5653495440729484,0.5729483282674772
0,0,16.13401544194557,0.539448606226824,0.007598784194528876,0.5729483282674772,0.5805471124620061
0,0,26.60049444093999,0.19845205179943748,0.007598784194528876,0.5805471124620061,0.5881458966565349
0,0,29170.984234526677,1.8096484706319773e-4,0.007598784194528876,0.5881458966565349,0.5957446808510638
0,0,48094.82219472223,8.548174097454765e-5,0.007598784194528876,0.5957446808510638,0.6033434650455927
0,0,0.29550480065993606,1.4663733436939348,0.0060790273556231,0.6033434650455927,0.6094224924012158
0,0,1.324360635350064,0.6926657213920191,0.0060790273556231,0.6094224924012158,0.6155015197568389
0,0,3.599985449398555,0.539448606226824,0.0060790273556231,0.6155015197568389,0.621580547112462
0,0,16.13401544194557,0.32719211901581624,0.0060790273556231,0.621580547112462,0.6276595744680851
0,0,26.60049444093999,0.12036725389923852,0.0060790273556231,0.6276595744680851,0.6337386018237082
0,0,26.60049444093999,0.15455461334352893,0.0060790273556231,0.6337386018237082,0.6398176291793313
0,0,26.60049444093999,0.32719211901581624,0.0060790273556231,0.6398176291793313,0.6458966565349544
0,0,29170.984234526677,6.657324680928471e-5,0.0060790273556231,0.6458966565349544,0.6519756838905775
0,0,29170.984234526677,2.983605926020897e-4,0.0060790273556231,0.6519756838905775,0.6580547112462006
0,0,48094.82219472223,5.184729674667683e-5,0.0060790273556231,0.6580547112462006,0.6641337386018237
0,0,48094.82219472223,2.3236346315615587e-4,0.0060790273556231,0.6641337386018237,0.6702127659574468
0,0,966010.327006239,6.824385134202534e-6,0.0060790273556231,0.6702127659574468,0.6762917933130699
0,0,0.10871014093025574,1.4663733436939348,0.004559270516717325,0.6762917933130699,0.6808510638297872
0,0,0.17923272169252125,1.4663733436939348,0.004559270516717325,0.6808510638297872,0.6854103343465046
0,0,0.17923272169252125,1.8828606436564015,0.004559270516717325,0.6854103343465046,0.6899696048632219
0,0,0.17923272169252125,3.104312392960443,0.004559270516717325,0.6899696048632219,0.6945288753799392
0,0,0.4872050504420379,2.4176409225358597,0.004559270516717325,0.6945288753799392,0.6990881458966566
0,0,0.8032653298563167,2.4176409225358597,0.004559270516717325,0.6990881458966566,0.7036474164133738
0,0,2.183501549579587,1.8828606436564015,0.004559270516717325,0.7036474164133738,0.7082066869300911
0,0,3.599985449398555,1.4663733436939348,0.004559270516717325,0.7082066869300911,0.7127659574468085
0,0,5.935372584634358,0.4201229969562285,0.004559270516717325,0.7127659574468085,0.7173252279635258
0,0,5.935372584634358,1.1420127083438707,0.004559270516717325,0.7173252279635258,0.7218844984802432
0,0,43.85680099591828,0.07300642991530318,0.004559270516717325,0.7218844984802432,0.7264437689969605
0,0,43.85680099591828,0.09374211159288157,0.004559270516717325,0.7264437689969605,0.7310030395136778
0,0,72.30764066683302,0.07300642991530318,0.004559270516717325,0.7310030395136778,0.7355623100303951
0,0,17693.096312234295,1.0976072807403713e-4,0.004559270516717325,0.7355623100303951,0.7401215805471124
0,0,17693.096312234295,1.409355646012154e-4,0.004559270516717325,0.7401215805471124,0.7446808510638298
0,0,17693.096312234295,4.919134553617605e-4,0.004559270516717325,0.7446808510638298,0.7492401215805471
0,0,29170.984234526677,2.3236346315615587e-4,0.004559270516717325,0.7492401215805471,0.7537993920972644
0,0,48094.82219472223,6.657324680928471e-5,0.004559270516717325,0.7537993920972644,0.7583586626139818
0,0,130735.28121488221,2.396797638045954e-5,0.004559270516717325,0.7583586626139818,0.7629179331306991
0,0,130735.28121488221,4.128512422330579e-5,0.004559270516717325,0.7629179331306991,0.7674772036474165
0,0,130735.28121488221,5.184729674667683e-5,0.004559270516717325,0.7674772036474165,0.7720364741641337
0,0,0.03999222589509122,2.4176409225358597,0.00303951367781155,0.7720364741641337,0.7750759878419453
0,0,0.06593603349588137,2.4176409225358597,0.00303951367781155,0.7750759878419453,0.7781155015197568
0,0,0.17923272169252125,2.4176409225358597,0.00303951367781155,0.7781155015197568,0.7811550151975684
0,0,0.29550480065993606,1.1420127083438707,0.00303951367781155,0.7811550151975684,0.7841945288753799
0,0,0.29550480065993606,3.104312392960443,0.00303951367781155,0.7841945288753799,0.7872340425531915
0,0,0.4872050504420379,0.4201229969562285,0.00303951367781155,0.7872340425531915,0.790273556231003
0,0,0.4872050504420379,0.6926657213920191,0.00303951367781155,0.790273556231003,0.7933130699088146
0,0,1.324360635350064,1.8828606436564015,0.00303951367781155,0.7933130699088146,0.7963525835866261
0,0,2.183501549579587,0.4201229969562285,0.00303951367781155,0.7963525835866261,0.7993920972644377
0,0,5.935372584634358,0.15455461334352893,0.00303951367781155,0.7993920972644377,0.8024316109422492
0,0,9.785775029817062,0.6926657213920191,0.00303951367781155,0.8024316109422492,0.8054711246200608
0,0,16.13401544194557,0.19845205179943748,0.00303951367781155,0.8054711246200608,0.8085106382978723
0,0,16.13401544194557,0.6926657213920191,0.00303951367781155,0.8085106382978723,0.8115501519756839
0,0,26.60049444093999,0.25481747850430997,0.00303951367781155,0.8115501519756839,0.8145896656534954
0,0,43.85680099591828,0.05685746478728576,0.00303951367781155,0.8145896656534954,0.817629179331307
0,0,119.2151452015492,0.04428063809979298,0.00303951367781155,0.817629179331307,0.8206686930091185
0,0,48094.82219472223,2.396797638045954e-5,0.00303951367781155,0.8206686930091185,0.8237082066869301
0,0,48094.82219472223,4.128512422330579e-5,0.00303951367781155,0.8237082066869301,0.8267477203647416
0,0,79294.95636297915,2.396797638045954e-5,0.00303951367781155,0.8267477203647416,0.8297872340425532
0,0,79294.95636297915,5.184729674667683e-5,0.00303951367781155,0.8297872340425532,0.8328267477203647
0,0,215546.0389699392,1.518794842796331e-5,0.00303951367781155,0.8328267477203647,0.8358662613981763
0,0,215546.0389699392,1.8550602100708792e-5,0.00303951367781155,0.8358662613981763,0.8389057750759878
0,0,355375.3392648975,8.817325756853784e-6,0.00303951367781155,0.8389057750759878,0.8419452887537994
0,0,355375.3392648975,1.1902144832155836e-5,0.00303951367781155,0.8419452887537994,0.8449848024316109
0,0,585914.8809283109,5.587333980219829e-6,0.00303951367781155,0.8449848024316109,0.8480243161094225
0,0,585914.8809283109,8.817325756853784e-6,0.00303951367781155,0.8480243161094225,0.851063829787234
0,0,4.051249915348569e-7,2.4176409225358597,0.001519756838905775,0.851063829787234,0.8525835866261398
0,0,6.012587982509273e-5,1.8828606436564015,0.001519756838905775,0.8525835866261398,0.8541033434650456
0,0,6.012587982509273e-5,8.438395967644588,0.001519756838905775,0.8541033434650456,0.8556231003039514
0,0,1.6343908654866188e-4,5.118145873171898,0.001519756838905775,0.8556231003039514,0.8571428571428571
0,0,7.324831678511749e-4,1.8828606436564015,0.001519756838905775,0.8571428571428571,0.8586626139817629
0,0,0.0012076605792660444,1.1420127083438707,0.001519756838905775,0.8586626139817629,0.8601823708206687
0,0,0.0012076605792660444,3.104312392960443,0.001519756838905775,0.8601823708206687,0.8617021276595744
0,0,0.005412359218774767,0.6926657213920191,0.001519756838905775,0.8617021276595744,0.8632218844984803
0,0,0.005412359218774767,1.1420127083438707,0.001519756838905775,0.8632218844984803,0.864741641337386
0,0,0.005412359218774767,3.104312392960443,0.001519756838905775,0.864741641337386,0.8662613981762918
0,0,0.005412359218774767,3.986016013899953,0.001519756838905775,0.8662613981762918,0.8677811550151976
0,0,0.008923471768663887,0.539448606226824,0.001519756838905775,0.8677811550151976,0.8693009118541033
0,0,0.008923471768663887,3.104312392960443,0.001519756838905775,0.8693009118541033,0.8708206686930091
0,0,0.014712317713488243,1.8828606436564015,0.001519756838905775,0.8708206686930091,0.8723404255319149
0,0,0.014712317713488243,3.104312392960443,0.001519756838905775,0.8723404255319149,0.8738601823708206
0,0,0.02425651115552634,1.8828606436564015,0.001519756838905775,0.8738601823708206,0.8753799392097265
0,0,0.03999222589509122,1.4663733436939348,0.001519756838905775,0.8753799392097265,0.8768996960486322
0,0,0.03999222589509122,3.986016013899953,0.001519756838905775,0.8768996960486322,0.878419452887538
0,0,0.06593603349588137,0.6926657213920191,0.001519756838905775,0.878419452887538,0.8799392097264438
0,0,0.06593603349588137,0.8894003915357025,0.001519756838905775,0.8799392097264438,0.8814589665653495
0,0,0.06593603349588137,1.4663733436939348,0.001519756838905775,0.8814589665653495,0.8829787234042553
0,0,0.06593603349588137,3.104312392960443,0.001519756838905775,0.8829787234042553,0.8844984802431611
0,0,0.10871014093025574,1.1420127083438707,0.001519756838905775,0.8844984802431611,0.8860182370820668
0,0,0.10871014093025574,1.8828606436564015,0.001519756838905775,0.8860182370820668,0.8875379939209727
0,0,0.10871014093025574,2.4176409225358597,0.001519756838905775,0.8875379939209727,0.8890577507598784
0,0,0.17923272169252125,0.8894003915357025,0.001519756838905775,0.8890577507598784,0.8905775075987842
0,0,0.17923272169252125,1.1420127083438707,0.001519756838905775,0.8905775075987842,0.89209726443769
0,0,0.29550480065993606,0.6926657213920191,0.001519756838905775,0.89209726443769,0.8936170212765957
0,0,0.4872050504420379,0.25481747850430997,0.001519756838905775,0.8936170212765957,0.8951367781155015
0,0,0.8032653298563167,0.4201229969562285,0.001519756838905775,0.8951367781155015,0.8966565349544072
0,0,0.8032653298563167,0.6926657213920191,0.001519756838905775,0.8966565349544072,0.898176291793313
0,0,1.324360635350064,0.25481747850430997,0.001519756838905775,0.898176291793313,0.8996960486322189
0,0,1.324360635350064,0.32719211901581624,0.001519756838905775,0.8996960486322189,0.9012158054711246
0,0,2.183501549579587,0.32719211901581624,0.001519756838905775,0.9012158054711246,0.9027355623100304
0,0,3.599985449398555,0.15455461334352893,0.001519756838905775,0.9027355623100304,0.9042553191489362
0,0,3.599985449398555,0.25481747850430997,0.001519756838905775,0.9042553191489362,0.9057750759878419
0,0,5.935372584634358,0.12036725389923852,0.001519756838905775,0.9057750759878419,0.9072948328267477
0,0,5.935372584634358,0.25481747850430997,0.001519756838905775,0.9072948328267477,0.9088145896656534
0,0,9.785775029817062,0.07300642991530318,0.001519756838905775,0.9088145896656534,0.9103343465045592
0,0,9.785775029817062,0.09374211159288157,0.001519756838905775,0.9103343465045592,0.9118541033434651
0,0,9.785775029817062,0.25481747850430997,0.001519756838905775,0.9118541033434651,0.9133738601823708
0,0,9.785775029817062,0.8894003915357025,0.001519756838905775,0.9133738601823708,0.9148936170212766
0,0,16.13401544194557,0.09374211159288157,0.001519756838905775,0.9148936170212766,0.9164133738601824
0,0,16.13401544194557,0.15455461334352893,0.001519756838905775,0.9164133738601824,0.9179331306990881
0,0,26.60049444093999,0.07300642991530318,0.001519756838905775,0.9179331306990881,0.9194528875379939
0,0,26.60049444093999,0.09374211159288157,0.001519756838905775,0.9194528875379939,0.9209726443768996
0,0,26.60049444093999,0.4201229969562285,0.001519756838905775,0.9209726443768996,0.9224924012158054
0,0,43.85680099591828,0.12036725389923852,0.001519756838905775,0.9224924012158054,0.9240121580547113
0,0,43.85680099591828,0.19845205179943748,0.001519756838905775,0.9240121580547113,0.925531914893617
0,0,43.85680099591828,0.25481747850430997,0.001519756838905775,0.925531914893617,0.9270516717325228
0,0,43.85680099591828,0.32719211901581624,0.001519756838905775,0.9270516717325228,0.9285714285714286
0,0,72.30764066683302,0.02091669237237164,0.001519756838905775,0.9285714285714286,0.9300911854103343
0,0,72.30764066683302,0.034485795627020255,0.001519756838905775,0.9300911854103343,0.9316109422492401
0,0,72.30764066683302,0.09374211159288157,0.001519756838905775,0.9316109422492401,0.9331306990881458
0,0,72.30764066683302,0.12036725389923852,0.001519756838905775,0.9331306990881458,0.9346504559270516
0,0,72.30764066683302,0.19845205179943748,0.001519756838905775,0.9346504559270516,0.9361702127659575
0,0,119.2151452015492,0.026857564639163806,0.001519756838905775,0.9361702127659575,0.9376899696048632
0,0,119.2151452015492,0.12036725389923852,0.001519756838905775,0.9376899696048632,0.939209726443769
0,0,119.2151452015492,0.15455461334352893,0.001519756838905775,0.939209726443769,0.9407294832826748
0,0,196.55254568339848,0.01268661522362078,0.001519756838905775,0.9407294832826748,0.9422492401215805
0,0,196.55254568339848,0.05685746478728576,0.001519756838905775,0.9422492401215805,0.9437689969604863
0,0,324.06036287847775,0.016289936398866715,0.001519756838905775,0.9437689969604863,0.945288753799392
0,0,534.2852132685484,0.0076948211011030505,0.001519756838905775,0.945288753799392,0.9468085106382979
0,0,534.2852132685484,0.00988034587068147,0.001519756838905775,0.9468085106382979,0.9483282674772037
0,0,534.2852132685484,0.01268661522362078,0.001519756838905775,0.9483282674772037,0.9498480243161094
0,0,880.8873957364101,0.004667144918822726,0.001519756838905775,0.9498480243161094,0.9513677811550152
0,0,6508.92638393726,2.983605926020897e-4,0.001519756838905775,0.9513677811550152,0.952887537993921
0,0,10731.405378618629,6.657324680928471e-5,0.001519756838905775,0.952887537993921,0.9544072948328267
0,0,10731.405378618629,1.0976072807403713e-4,0.001519756838905775,0.9544072948328267,0.9559270516717325
0,0,10731.405378618629,1.409355646012154e-4,0.001519756838905775,0.9559270516717325,0.9574468085106382
0,0,10731.405378618629,1.8096484706319773e-4,0.001519756838905775,0.9574468085106382,0.958966565349544
0,0,10731.405378618629,2.3236346315615587e-4,0.001519756838905775,0.958966565349544,0.9604863221884499
0,0,10731.405378618629,2.983605926020897e-4,0.001519756838905775,0.9604863221884499,0.9620060790273556
0,0,10731.405378618629,3.8310258423909966e-4,0.001519756838905775,0.9620060790273556,0.9635258358662614
0,0,17693.096312234295,5.184729674667683e-5,0.001519756838905775,0.9635258358662614,0.9650455927051672
0,0,17693.096312234295,6.657324680928471e-5,0.001519756838905775,0.9650455927051672,0.9665653495440729
0,0,17693.096312234295,8.548174097454765e-5,0.001519756838905775,0.9665653495440729,0.9680851063829787
0,0,17693.096312234295,1.8096484706319773e-4,0.001519756838905775,0.9680851063829787,0.9696048632218844
0,0,29170.984234526677,1.518794842796331e-5,0.001519756838905775,0.9696048632218844,0.9711246200607903
0,0,29170.984234526677,3.235338401693695e-5,0.001519756838905775,0.9711246200607903,0.9726443768996961
0,0,29170.984234526677,5.184729674667683e-5,0.001519756838905775,0.9726443768996961,0.9741641337386018
0,0,48094.82219472223,3.8310258423909966e-4,0.001519756838905775,0.9741641337386018,0.9756838905775076
0,0,79294.95636297915,4.128512422330579e-5,0.001519756838905775,0.9756838905775076,0.9772036474164134
0,0,130735.28121488221,1.1902144832155836e-5,0.001519756838905775,0.9772036474164134,0.9787234042553191
0,0,355375.3392648975,9.235800950530291e-7,0.001519756838905775,0.9787234042553191,0.9802431610942249
0,0,355375.3392648975,3.2437128720579346e-6,0.001519756838905775,0.9802431610942249,0.9817629179331306
0,0,355375.3392648975,6.824385134202534e-6,0.001519756838905775,0.9817629179331306,0.9832826747720365
0,0,355375.3392648975,1.518794842796331e-5,0.001519756838905775,0.9832826747720365,0.9848024316109423
0,0,355375.3392648975,1.8550602100708792e-5,0.001519756838905775,0.9848024316109423,0.986322188449848
0,0,585914.8809283109,4.37855438959506e-6,0.001519756838905775,0.986322188449848,0.9878419452887538
0,0,585914.8809283109,2.396797638045954e-5,0.001519756838905775,0.9878419452887538,0.9893617021276595
0,0,1592681.7738511728,3.2437128720579346e-6,0.001519756838905775,0.9893617021276595,0.9908814589665653
0,0,1592681.7738511728,4.37855438959506e-6,0.001519756838905775,0.9908814589665653,0.9924012158054711
0,0,2625888.3180048396,2.5105509895091262e-6,0.001519756838905775,0.9924012158054711,0.9939209726443768
0,0,4329357.924377562,2.78176978867294e-7,0.001519756838905775,0.9939209726443768,0.9954407294832827
0,0,4329357.924377562,1.1932952786932873e-6,0.001519756838905775,0.9954407294832827,0.9969604863221885
0,0,7137904.498395442,7.561634267506011e-7,0.001519756838905775,0.9969604863221885,0.9984802431610942
0,0,11768414.974730695,3.397661292451759e-7,0.001519756838905775,0.9984802431610942,1
0,20,9.785775029817062,0.4201229969562285,0.031982942430703626,-0.01,0.031982942430703626
0,20,2.183501549579587,0.8894003915357025,0.0255863539445629,0.031982942430703626,0.057569296375266525
0,20,5.935372584634358,0.539448606226824,0.0255863539445629,0.057569296375266525,0.08315565031982942
0,20,3.599985449398555,0.8894003915357025,0.023454157782515993,0.08315565031982942,0.10660980810234541
0,20,43.85680099591828,0.15455461334352893,0.023454157782515993,0.10660980810234541,0.1300639658848614
0,20,5.935372584634358,0.6926657213920191,0.021321961620469083,0.1300639658848614,0.1513859275053305
0,20,26.60049444093999,0.25481747850430997,0.021321961620469083,0.1513859275053305,0.17270788912579957
0,20,79294.95636297915,1.0976072807403713e-4,0.021321961620469083,0.17270788912579957,0.19402985074626866
0,20,5.935372584634358,0.8894003915357025,0.019189765458422176,0.19402985074626866,0.21321961620469082
0,20,9.785775029817062,0.539448606226824,0.019189765458422176,0.21321961620469082,0.232409381663113
0,20,1.324360635350064,1.1420127083438707,0.017057569296375266,0.232409381663113,0.2494669509594883
0,20,16.13401544194557,0.32719211901581624,0.017057569296375266,0.2494669509594883,0.26652452025586354
0,20,16.13401544194557,0.539448606226824,0.017057569296375266,0.26652452025586354,0.2835820895522388
0,20,9.785775029817062,0.25481747850430997,0.014925373134328358,0.2835820895522388,0.2985074626865672
0,20,16.13401544194557,0.25481747850430997,0.014925373134328358,0.2985074626865672,0.31343283582089554
0,20,16.13401544194557,0.4201229969562285,0.014925373134328358,0.31343283582089554,0.3283582089552239
0,20,43.85680099591828,0.19845205179943748,0.014925373134328358,0.3283582089552239,0.34328358208955223
0,20,2.183501549579587,1.1420127083438707,0.01279317697228145,0.34328358208955223,0.35607675906183367
0,20,3.599985449398555,1.1420127083438707,0.01279317697228145,0.35607675906183367,0.36886993603411516
0,20,5.935372584634358,0.4201229969562285,0.01279317697228145,0.36886993603411516,0.3816631130063966
0,20,5.935372584634358,1.1420127083438707,0.01279317697228145,0.3816631130063966,0.39445628997867804
0,20,16.13401544194557,0.19845205179943748,0.01279317697228145,0.39445628997867804,0.4072494669509595
0,20,26.60049444093999,0.32719211901581624,0.01279317697228145,0.4072494669509595,0.4200426439232409
0,20,48094.82219472223,1.409355646012154e-4,0.01279317697228145,0.4200426439232409,0.4328358208955224
0,20,1.324360635350064,0.6926657213920191,0.010660980810234541,0.4328358208955224,0.44349680170575695
0,20,2.183501549579587,0.4201229969562285,0.010660980810234541,0.44349680170575695,0.4541577825159915
0,20,3.599985449398555,0.539448606226824,0.010660980810234541,0.4541577825159915,0.464818763326226
0,20,3.599985449398555,0.6926657213920191,0.010660980810234541,0.464818763326226,0.47547974413646055
0,20,72.30764066683302,0.19845205179943748,0.010660980810234541,0.47547974413646055,0.4861407249466951
0,20,79294.95636297915,6.657324680928471e-5,0.010660980810234541,0.4861407249466951,0.4968017057569296
0,20,130735.28121488221,6.657324680928471e-5,0.010660980810234541,0.4968017057569296,0.5074626865671642
0,20,130735.28121488221,8.548174097454765e-5,0.010660980810234541,0.5074626865671642,0.5181236673773987
0,20,0.4872050504420379,1.4663733436939348,0.008528784648187633,0.5181236673773987,0.5266524520255863
0,20,0.8032653298563167,0.6926657213920191,0.008528784648187633,0.5266524520255863,0.535181236673774
0,20,0.8032653298563167,1.1420127083438707,0.008528784648187633,0.535181236673774,0.5437100213219617
0,20,1.324360635350064,0.8894003915357025,0.008528784648187633,0.5437100213219617,0.5522388059701493
0,20,1.324360635350064,1.4663733436939348,0.008528784648187633,0.5522388059701493,0.5607675906183369
0,20,26.60049444093999,0.12036725389923852,0.008528784648187633,0.5607675906183369,0.5692963752665245
0,20,79294.95636297915,8.548174097454765e-5,0.008528784648187633,0.5692963752665245,0.5778251599147122
0,20,79294.95636297915,1.8096484706319773e-4,0.008528784648187633,0.5778251599147122,0.5863539445628998
0,20,215546.0389699392,1.518794842796331e-5,0.008528784648187633,0.5863539445628998,0.5948827292110874
0,20,0.29550480065993606,1.1420127083438707,0.006396588486140725,0.5948827292110874,0.6012793176972281
0,20,0.4872050504420379,0.8894003915357025,0.006396588486140725,0.6012793176972281,0.6076759061833689
0,20,1.324360635350064,1.8828606436564015,0.006396588486140725,0.6076759061833689,0.6140724946695096
0,20,2.183501549579587,0.6926657213920191,0.006396588486140725,0.6140724946695096,0.6204690831556503
0,20,9.785775029817062,0.32719211901581624,0.006396588486140725,0.6204690831556503,0.6268656716417911
0,20,26.60049444093999,0.19845205179943748,0.006396588486140725,0.6268656716417911,0.6332622601279317
0,20,43.85680099591828,0.25481747850430997,0.006396588486140725,0.6332622601279317,0.6396588486140725
0,20,72.30764066683302,0.12036725389923852,0.006396588486140725,0.6396588486140725,0.6460554371002132
0,20,72.30764066683302,0.15455461334352893,0.006396588486140725,0.6460554371002132,0.652452025586354
0,20,119.2151452015492,0.07300642991530318,0.006396588486140725,0.652452025586354,0.6588486140724946
0,20,119.2151452015492,0.09374211159288157,0.006396588486140725,0.6588486140724946,0.6652452025586354
0,20,29170.984234526677,2.3236346315615587e-4,0.006396588486140725,0.6652452025586354,0.6716417910447761
0,20,48094.82219472223,1.8096484706319773e-4,0.006396588486140725,0.6716417910447761,0.6780383795309168
0,20,48094.82219472223,2.3236346315615587e-4,0.006396588486140725,0.6780383795309168,0.6844349680170576
0,20,79294.95636297915,5.184729674667683e-5,0.006396588486140725,0.6844349680170576,0.6908315565031983
0,20,130735.28121488221,1.409355646012154e-4,0.006396588486140725,0.6908315565031983,0.697228144989339
0,20,215546.0389699392,1.0976072807403713e-4,0.006396588486140725,0.697228144989339,0.7036247334754797
0,20,0.17923272169252125,0.8894003915357025,0.0042643923240938165,0.7036247334754797,0.7078891257995735
0,20,0.29550480065993606,2.4176409225358597,0.0042643923240938165,0.7078891257995735,0.7121535181236673
0,20,0.4872050504420379,0.32719211901581624,0.0042643923240938165,0.7121535181236673,0.7164179104477612
0,20,0.4872050504420379,0.6926657213920191,0.0042643923240938165,0.7164179104477612,0.720682302771855
0,20,0.8032653298563167,1.4663733436939348,0.0042643923240938165,0.720682302771855,0.7249466950959488
0,20,1.324360635350064,0.539448606226824,0.0042643923240938165,0.7249466950959488,0.7292110874200426
0,20,2.183501549579587,0.32719211901581624,0.0042643923240938165,0.7292110874200426,0.7334754797441364
0,20,3.599985449398555,0.4201229969562285,0.0042643923240938165,0.7334754797441364,0.7377398720682302
0,20,5.935372584634358,0.32719211901581624,0.0042643923240938165,0.7377398720682302,0.7420042643923241
0,20,9.785775029817062,0.19845205179943748,0.0042643923240938165,0.7420042643923241,0.746268656716418
0,20,16.13401544194557,0.12036725389923852,0.0042643923240938165,0.746268656716418,0.7505330490405118
0,20,16.13401544194557,0.6926657213920191,0.0042643923240938165,0.7505330490405118,0.7547974413646056
0,20,26.60049444093999,0.15455461334352893,0.0042643923240938165,0.7547974413646056,0.7590618336886994
0,20,26.60049444093999,0.4201229969562285,0.0042643923240938165,0.7590618336886994,0.7633262260127932
0,20,43.85680099591828,0.09374211159288157,0.0042643923240938165,0.7633262260127932,0.767590618336887
0,20,43.85680099591828,0.32719211901581624,0.0042643923240938165,0.767590618336887,0.7718550106609808
0,20,72.30764066683302,0.07300642991530318,0.0042643923240938165,0.7718550106609808,0.7761194029850746
0,20,72.30764066683302,0.09374211159288157,0.0042643923240938165,0.7761194029850746,0.7803837953091685
0,20,119.2151452015492,0.12036725389923852,0.0042643923240938165,0.7803837953091685,0.7846481876332623
0,20,196.55254568339848,0.034485795627020255,0.0042643923240938165,0.7846481876332623,0.7889125799573561
0,20,29170.984234526677,1.409355646012154e-4,0.0042643923240938165,0.7889125799573561,0.7931769722814499
0,20,29170.984234526677,2.983605926020897e-4,0.0042643923240938165,0.7931769722814499,0.7974413646055437
0,20,29170.984234526677,4.919134553617605e-4,0.0042643923240938165,0.7974413646055437,0.8017057569296375
0,20,48094.82219472223,3.235338401693695e-5,0.0042643923240938165,0.8017057569296375,0.8059701492537313
0,20,48094.82219472223,6.657324680928471e-5,0.0042643923240938165,0.8059701492537313,0.8102345415778252
0,20,48094.82219472223,1.0976072807403713e-4,0.0042643923240938165,0.8102345415778252,0.814498933901919
0,20,48094.82219472223,2.983605926020897e-4,0.0042643923240938165,0.814498933901919,0.8187633262260128
0,20,79294.95636297915,3.235338401693695e-5,0.0042643923240938165,0.8187633262260128,0.8230277185501066
0,20,79294.95636297915,1.409355646012154e-4,0.0042643923240938165,0.8230277185501066,0.8272921108742004
0,20,130735.28121488221,5.184729674667683e-5,0.0042643923240938165,0.8272921108742004,0.8315565031982942
0,20,130735.28121488221,1.0976072807403713e-4,0.0042643923240938165,0.8315565031982942,0.835820895522388
0,20,215546.0389699392,3.235338401693695e-5,0.0042643923240938165,0.835820895522388,0.8400852878464818
0,20,355375.3392648975,1.518794842796331e-5,0.0042643923240938165,0.8400852878464818,0.8443496801705757
0,20,2.2406830077420275e-10,1.4663733436939348,0.0021321961620469083,0.8443496801705757,0.8464818763326226
0,20,1.4903715549042847e-7,1.8828606436564015,0.0021321961620469083,0.8464818763326226,0.8486140724946695
0,20,4.4427349902517277e-4,1.1420127083438707,0.0021321961620469083,0.8486140724946695,0.8507462686567164
0,20,7.324831678511749e-4,1.4663733436939348,0.0021321961620469083,0.8507462686567164,0.8528784648187633
0,20,0.0019910956848219656,0.6926657213920191,0.0021321961620469083,0.8528784648187633,0.8550106609808102
0,20,0.02425651115552634,0.539448606226824,0.0021321961620469083,0.8550106609808102,0.8571428571428571
0,20,0.03999222589509122,0.6926657213920191,0.0021321961620469083,0.8571428571428571,0.8592750533049041
0,20,0.03999222589509122,2.4176409225358597,0.0021321961620469083,0.8592750533049041,0.8614072494669509
0,20,0.06593603349588137,0.8894003915357025,0.0021321961620469083,0.8614072494669509,0.8635394456289979
0,20,0.06593603349588137,1.8828606436564015,0.0021321961620469083,0.8635394456289979,0.8656716417910447
0,20,0.10871014093025574,0.6926657213920191,0.0021321961620469083,0.8656716417910447,0.8678038379530917
0,20,0.10871014093025574,1.4663733436939348,0.0021321961620469083,0.8678038379530917,0.8699360341151385
0,20,0.17923272169252125,1.1420127083438707,0.0021321961620469083,0.8699360341151385,0.8720682302771855
0,20,0.17923272169252125,2.4176409225358597,0.0021321961620469083,0.8720682302771855,0.8742004264392323
0,20,0.29550480065993606,0.6926657213920191,0.0021321961620469083,0.8742004264392323,0.8763326226012793
0,20,0.29550480065993606,0.8894003915357025,0.0021321961620469083,0.8763326226012793,0.8784648187633263
0,20,0.4872050504420379,1.8828606436564015,0.0021321961620469083,0.8784648187633263,0.8805970149253731
0,20,0.8032653298563167,0.539448606226824,0.0021321961620469083,0.8805970149253731,0.8827292110874201
0,20,0.8032653298563167,0.8894003915357025,0.0021321961620469083,0.8827292110874201,0.8848614072494669
0,20,0.8032653298563167,1.8828606436564015,0.0021321961620469083,0.8848614072494669,0.8869936034115139
0,20,1.324360635350064,0.25481747850430997,0.0021321961620469083,0.8869936034115139,0.8891257995735607
0,20,1.324360635350064,0.4201229969562285,0.0021321961620469083,0.8891257995735607,0.8912579957356077
0,20,2.183501549579587,0.539448606226824,0.0021321961620469083,0.8912579957356077,0.8933901918976546
0,20,2.183501549579587,1.4663733436939348,0.0021321961620469083,0.8933901918976546,0.8955223880597015
0,20,2.183501549579587,1.8828606436564015,0.0021321961620469083,0.8955223880597015,0.8976545842217484
0,20,3.599985449398555,0.15455461334352893,0.0021321961620469083,0.8976545842217484,0.8997867803837953
0,20,3.599985449398555,0.32719211901581624,0.0021321961620469083,0.8997867803837953,0.9019189765458422
0,20,3.599985449398555,1.4663733436939348,0.0021321961620469083,0.9019189765458422,0.9040511727078892
0,20,3.599985449398555,1.8828606436564015,0.0021321961620469083,0.9040511727078892,0.906183368869936
0,20,5.935372584634358,0.19845205179943748,0.0021321961620469083,0.906183368869936,0.908315565031983
0,20,5.935372584634358,0.25481747850430997,0.0021321961620469083,0.908315565031983,0.9104477611940298
0,20,5.935372584634358,1.4663733436939348,0.0021321961620469083,0.9104477611940298,0.9125799573560768
0,20,9.785775029817062,0.6926657213920191,0.0021321961620469083,0.9125799573560768,0.9147121535181236
0,20,16.13401544194557,0.15455461334352893,0.0021321961620469083,0.9147121535181236,0.9168443496801706
0,20,26.60049444093999,0.539448606226824,0.0021321961620469083,0.9168443496801706,0.9189765458422174
0,20,43.85680099591828,0.07300642991530318,0.0021321961620469083,0.9189765458422174,0.9211087420042644
0,20,72.30764066683302,0.05685746478728576,0.0021321961620469083,0.9211087420042644,0.9232409381663113
0,20,72.30764066683302,0.25481747850430997,0.0021321961620469083,0.9232409381663113,0.9253731343283582
0,20,119.2151452015492,0.04428063809979298,0.0021321961620469083,0.9253731343283582,0.9275053304904051
0,20,119.2151452015492,0.05685746478728576,0.0021321961620469083,0.9275053304904051,0.929637526652452
0,20,196.55254568339848,0.05685746478728576,0.0021321961620469083,0.929637526652452,0.9317697228144989
0,20,196.55254568339848,0.07300642991530318,0.0021321961620469083,0.9317697228144989,0.9339019189765458
0,20,196.55254568339848,0.09374211159288157,0.0021321961620469083,0.9339019189765458,0.9360341151385927
0,20,324.06036287847775,0.034485795627020255,0.0021321961620469083,0.9360341151385927,0.9381663113006397
0,20,324.06036287847775,0.04428063809979298,0.0021321961620469083,0.9381663113006397,0.9402985074626865
0,20,324.06036287847775,0.07300642991530318,0.0021321961620469083,0.9402985074626865,0.9424307036247335
0,20,534.2852132685484,0.02091669237237164,0.0021321961620469083,0.9424307036247335,0.9445628997867803
0,20,6508.92638393726,0.0010413807931728453,0.0021321961620469083,0.9445628997867803,0.9466950959488273
0,20,6508.92638393726,0.0017169466646026407,0.0021321961620469083,0.9466950959488273,0.9488272921108742
0,20,10731.405378618629,2.983605926020897e-4,0.0021321961620469083,0.9488272921108742,0.9509594882729211
0,20,29170.984234526677,5.184729674667683e-5,0.0021321961620469083,0.9509594882729211,0.9530916844349681
0,20,29170.984234526677,6.657324680928471e-5,0.0021321961620469083,0.9530916844349681,0.9552238805970149
0,20,29170.984234526677,1.8096484706319773e-4,0.0021321961620469083,0.9552238805970149,0.9573560767590619
0,20,48094.82219472223,4.128512422330579e-5,0.0021321961620469083,0.9573560767590619,0.9594882729211087
0,20,48094.82219472223,5.184729674667683e-5,0.0021321961620469083,0.9594882729211087,0.9616204690831557
0,20,130735.28121488221,1.1902144832155836e-5,0.0021321961620469083,0.9616204690831557,0.9637526652452025
0,20,130735.28121488221,1.518794842796331e-5,0.0021321961620469083,0.9637526652452025,0.9658848614072495
0,20,130735.28121488221,2.396797638045954e-5,0.0021321961620469083,0.9658848614072495,0.9680170575692963
0,20,130735.28121488221,3.235338401693695e-5,0.0021321961620469083,0.9680170575692963,0.9701492537313433
0,20,130735.28121488221,4.128512422330579e-5,0.0021321961620469083,0.9701492537313433,0.9722814498933902
0,20,130735.28121488221,1.8096484706319773e-4,0.0021321961620469083,0.9722814498933902,0.9744136460554371
0,20,215546.0389699392,8.817325756853784e-6,0.0021321961620469083,0.9744136460554371,0.976545842217484
0,20,215546.0389699392,1.1902144832155836e-5,0.0021321961620469083,0.976545842217484,0.9786780383795309
0,20,215546.0389699392,1.8550602100708792e-5,0.0021321961620469083,0.9786780383795309,0.9808102345415778
0,20,215546.0389699392,2.396797638045954e-5,0.0021321961620469083,0.9808102345415778,0.9829424307036247
0,20,215546.0389699392,4.128512422330579e-5,0.0021321961620469083,0.9829424307036247,0.9850746268656716
0,20,215546.0389699392,5.184729674667683e-5,0.0021321961620469083,0.9850746268656716,0.9872068230277186
0,20,215546.0389699392,6.657324680928471e-5,0.0021321961620469083,0.9872068230277186,0.9893390191897654
0,20,355375.3392648975,1.1902144832155836e-5,0.0021321961620469083,0.9893390191897654,0.9914712153518124
0,20,355375.3392648975,1.8550602100708792e-5,0.0021321961620469083,0.9914712153518124,0.9936034115138592
0,20,355375.3392648975,4.128512422330579e-5,0.0021321961620469083,0.9936034115138592,0.9957356076759062
0,20,966010.327006239,4.37855438959506e-6,0.0021321961620469083,0.9957356076759062,0.997867803837953
0,20,1592681.7738511728,8.817325756853784e-6,0.0021321961620469083,0.997867803837953,1
0,40,16.13401544194557,0.4201229969562285,0.040955631399317405,-0.01,0.040955631399317405
0,40,5.935372584634358,0.539448606226824,0.03754266211604096,0.040955631399317405,0.07849829351535836
0,40,16.13401544194557,0.32719211901581624,0.034129692832764506,0.07849829351535836,0.11262798634812288
0,40,9.785775029817062,0.6926657213920191,0.030716723549488054,0.11262798634812288,0.14334470989761092
0,40,9.785775029817062,0.32719211901581624,0.027303754266211604,0.14334470989761092,0.17064846416382254
0,40,119.2151452015492,0.09374211159288157,0.027303754266211604,0.17064846416382254,0.19795221843003413
0,40,16.13401544194557,0.25481747850430997,0.023890784982935155,0.19795221843003413,0.22184300341296928
0,40,26.60049444093999,0.25481747850430997,0.023890784982935155,0.22184300341296928,0.24573378839590443
0,40,43.85680099591828,0.25481747850430997,0.023890784982935155,0.24573378839590443,0.2696245733788396
0,40,2.183501549579587,0.539448606226824,0.020477815699658702,0.2696245733788396,0.2901023890784983
0,40,3.599985449398555,0.6926657213920191,0.020477815699658702,0.2901023890784983,0.310580204778157
0,40,5.935372584634358,0.6926657213920191,0.020477815699658702,0.310580204778157,0.3310580204778157
0,40,43.85680099591828,0.15455461334352893,0.020477815699658702,0.3310580204778157,0.3515358361774744
0,40,9.785775029817062,0.4201229969562285,0.017064846416382253,0.3515358361774744,0.36860068259385664
0,40,9.785775029817062,0.8894003915357025,0.017064846416382253,0.36860068259385664,0.38566552901023893
0,40,16.13401544194557,0.539448606226824,0.017064846416382253,0.38566552901023893,0.40273037542662116
0,40,43.85680099591828,0.12036725389923852,0.017064846416382253,0.40273037542662116,0.41979522184300344
0,40,79294.95636297915,1.409355646012154e-4,0.017064846416382253,0.41979522184300344,0.43686006825938567
0,40,1.324360635350064,1.1420127083438707,0.013651877133105802,0.43686006825938567,0.45051194539249145
0,40,5.935372584634358,1.1420127083438707,0.013651877133105802,0.45051194539249145,0.4641638225255973
0,40,215546.0389699392,3.235338401693695e-5,0.013651877133105802,0.4641638225255973,0.4778156996587031
0,40,215546.0389699392,6.657324680928471e-5,0.013651877133105802,0.4778156996587031,0.49146757679180886
0,40,0.4872050504420379,0.8894003915357025,0.010238907849829351,0.49146757679180886,0.5017064846416383
0,40,1.324360635350064,0.8894003915357025,0.010238907849829351,0.5017064846416383,0.5119453924914675
0,40,1.324360635350064,1.4663733436939348,0.010238907849829351,0.5119453924914675,0.5221843003412969
0,40,3.599985449398555,0.4201229969562285,0.010238907849829351,0.5221843003412969,0.5324232081911263
0,40,3.599985449398555,0.539448606226824,0.010238907849829351,0.5324232081911263,0.5426621160409556
0,40,5.935372584634358,0.4201229969562285,0.010238907849829351,0.5426621160409556,0.552901023890785
0,40,9.785775029817062,0.539448606226824,0.010238907849829351,0.552901023890785,0.5631399317406144
0,40,26.60049444093999,0.15455461334352893,0.010238907849829351,0.5631399317406144,0.5733788395904437
0,40,26.60049444093999,0.19845205179943748,0.010238907849829351,0.5733788395904437,0.5836177474402731
0,40,26.60049444093999,0.32719211901581624,0.010238907849829351,0.5836177474402731,0.5938566552901023
0,40,26.60049444093999,0.539448606226824,0.010238907849829351,0.5938566552901023,0.6040955631399317
0,40,72.30764066683302,0.15455461334352893,0.010238907849829351,0.6040955631399317,0.6143344709897611
0,40,79294.95636297915,8.548174097454765e-5,0.010238907849829351,0.6143344709897611,0.6245733788395904
0,40,79294.95636297915,1.0976072807403713e-4,0.010238907849829351,0.6245733788395904,0.6348122866894198
0,40,130735.28121488221,1.0976072807403713e-4,0.010238907849829351,0.6348122866894198,0.6450511945392492
0,40,0.29550480065993606,0.8894003915357025,0.006825938566552901,0.6450511945392492,0.6518771331058021
0,40,0.4872050504420379,1.1420127083438707,0.006825938566552901,0.6518771331058021,0.658703071672355
0,40,0.4872050504420379,1.4663733436939348,0.006825938566552901,0.658703071672355,0.6655290102389079
0,40,0.8032653298563167,0.8894003915357025,0.006825938566552901,0.6655290102389079,0.6723549488054608
0,40,0.8032653298563167,1.1420127083438707,0.006825938566552901,0.6723549488054608,0.6791808873720137
0,40,0.8032653298563167,1.4663733436939348,0.006825938566552901,0.6791808873720137,0.6860068259385665
0,40,1.324360635350064,0.6926657213920191,0.006825938566552901,0.6860068259385665,0.6928327645051194
0,40,2.183501549579587,0.6926657213920191,0.006825938566552901,0.6928327645051194,0.6996587030716723
0,40,2.183501549579587,1.4663733436939348,0.006825938566552901,0.6996587030716723,0.7064846416382252
0,40,3.599985449398555,0.8894003915357025,0.006825938566552901,0.7064846416382252,0.7133105802047781
0,40,5.935372584634358,0.32719211901581624,0.006825938566552901,0.7133105802047781,0.7201365187713311
0,40,5.935372584634358,0.8894003915357025,0.006825938566552901,0.7201365187713311,0.726962457337884
0,40,9.785775029817062,0.19845205179943748,0.006825938566552901,0.726962457337884,0.7337883959044369
0,40,9.785775029817062,0.25481747850430997,0.006825938566552901,0.7337883959044369,0.7406143344709898
0,40,16.13401544194557,0.8894003915357025,0.006825938566552901,0.7406143344709898,0.7474402730375427
0,40,26.60049444093999,0.4201229969562285,0.006825938566552901,0.7474402730375427,0.7542662116040956
0,40,43.85680099591828,0.19845205179943748,0.006825938566552901,0.7542662116040956,0.7610921501706485
0,40,72.30764066683302,0.12036725389923852,0.006825938566552901,0.7610921501706485,0.7679180887372014
0,40,196.55254568339848,0.034485795627020255,0.006825938566552901,0.7679180887372014,0.7747440273037542
0,40,130735.28121488221,4.128512422330579e-5,0.006825938566552901,0.7747440273037542,0.7815699658703071
0,40,130735.28121488221,1.409355646012154e-4,0.006825938566552901,0.7815699658703071,0.78839590443686
0,40,215546.0389699392,5.184729674667683e-5,0.006825938566552901,0.78839590443686,0.7952218430034129
0,40,355375.3392648975,4.128512422330579e-5,0.006825938566552901,0.7952218430034129,0.8020477815699659
0,40,6.012587982509273e-5,1.8828606436564015,0.0034129692832764505,0.8020477815699659,0.8054607508532423
0,40,0.014712317713488243,1.1420127083438707,0.0034129692832764505,0.8054607508532423,0.8088737201365188
0,40,0.014712317713488243,1.4663733436939348,0.0034129692832764505,0.8088737201365188,0.8122866894197952
0,40,0.02425651115552634,0.8894003915357025,0.0034129692832764505,0.8122866894197952,0.8156996587030717
0,40,0.02425651115552634,1.1420127083438707,0.0034129692832764505,0.8156996587030717,0.8191126279863481
0,40,0.03999222589509122,1.4663733436939348,0.0034129692832764505,0.8191126279863481,0.8225255972696246
0,40,0.10871014093025574,0.8894003915357025,0.0034129692832764505,0.8225255972696246,0.825938566552901
0,40,0.10871014093025574,1.4663733436939348,0.0034129692832764505,0.825938566552901,0.8293515358361775
0,40,0.10871014093025574,3.104312392960443,0.0034129692832764505,0.8293515358361775,0.8327645051194539
0,40,0.17923272169252125,0.8894003915357025,0.0034129692832764505,0.8327645051194539,0.8361774744027304
0,40,0.17923272169252125,1.1420127083438707,0.0034129692832764505,0.8361774744027304,0.8395904436860069
0,40,0.29550480065993606,0.4201229969562285,0.0034129692832764505,0.8395904436860069,0.8430034129692833
0,40,0.29550480065993606,1.4663733436939348,0.0034129692832764505,0.8430034129692833,0.8464163822525598
0,40,0.4872050504420379,1.8828606436564015,0.0034129692832764505,0.8464163822525598,0.8498293515358362
0,40,0.8032653298563167,0.6926657213920191,0.0034129692832764505,0.8498293515358362,0.8532423208191127
0,40,0.8032653298563167,1.8828606436564015,0.0034129692832764505,0.8532423208191127,0.85665529010238906
0,40,0.8032653298563167,2.4176409225358597,0.0034129692832764505,0.85665529010238906,0.8600682593856656
0,40,1.324360635350064,0.539448606226824,0.0034129692832764505,0.8600682593856656,0.863481228668942
0,40,2.183501549579587,0.8894003915357025,0.0034129692832764505,0.863481228668942,0.8668941979522184
0,40,2.183501549579587,1.1420127083438707,0.0034129692832764505,0.8668941979522184,0.8703071672354948
0,40,3.599985449398555,1.1420127083438707,0.0034129692832764505,0.8703071672354948,0.8737201365187713
0,40,5.935372584634358,0.25481747850430997,0.0034129692832764505,0.8737201365187713,0.8771331058020478
0,40,5.935372584634358,1.4663733436939348,0.0034129692832764505,0.8771331058020478,0.8805460750853242
0,40,9.785775029817062,0.15455461334352893,0.0034129692832764505,0.8805460750853242,0.8839590443686007
0,40,16.13401544194557,0.15455461334352893,0.0034129692832764505,0.8839590443686007,0.8873720136518771
0,40,16.13401544194557,0.6926657213920191,0.0034129692832764505,0.8873720136518771,0.8907849829351536
0,40,26.60049444093999,0.6926657213920191,0.0034129692832764505,0.8907849829351536,0.89419795221843
0,40,43.85680099591828,0.09374211159288157,0.0034129692832764505,0.89419795221843,0.8976109215017065
0,40,43.85680099591828,0.32719211901581624,0.0034129692832764505,0.8976109215017065,0.9010238907849829
0,40,72.30764066683302,0.09374211159288157,0.0034129692832764505,0.9010238907849829,0.9044368600682594
0,40,72.30764066683302,0.25481747850430997,0.0034129692832764505,0.9044368600682594,0.9078498293515358
0,40,119.2151452015492,0.04428063809979298,0.0034129692832764505,0.9078498293515358,0.9112627986348123
0,40,119.2151452015492,0.05685746478728576,0.0034129692832764505,0.9112627986348123,0.9146757679180887
0,40,119.2151452015492,0.07300642991530318,0.0034129692832764505,0.9146757679180887,0.9180887372013652
0,40,119.2151452015492,0.12036725389923852,0.0034129692832764505,0.9180887372013652,0.9215017064846417
0,40,119.2151452015492,0.15455461334352893,0.0034129692832764505,0.9215017064846417,0.9249146757679181
0,40,196.55254568339848,0.09374211159288157,0.0034129692832764505,0.9249146757679181,0.9283276450511946
0,40,324.06036287847775,0.02091669237237164,0.0034129692832764505,0.9283276450511946,0.931740614334471
0,40,324.06036287847775,0.04428063809979298,0.0034129692832764505,0.931740614334471,0.9351535836177475
0,40,534.2852132685484,0.04428063809979298,0.0034129692832764505,0.9351535836177475,0.9385665529010239
0,40,880.8873957364101,0.01268661522362078,0.0034129692832764505,0.9385665529010239,0.9419795221843004
0,40,2394.5002007488956,0.005992732699133425,0.0034129692832764505,0.9419795221843004,0.9453924914675768
0,40,10731.405378618629,2.983605926020897e-4,0.0034129692832764505,0.9453924914675768,0.9488054607508533
0,40,17693.096312234295,1.0976072807403713e-4,0.0034129692832764505,0.9488054607508533,0.9522184300341296
0,40,48094.82219472223,5.184729674667683e-5,0.0034129692832764505,0.9522184300341296,0.9556313993174061
0,40,48094.82219472223,2.3236346315615587e-4,0.0034129692832764505,0.9556313993174061,0.9590443686006827
0,40,48094.82219472223,2.983605926020897e-4,0.0034129692832764505,0.9590443686006827,0.962457337883959
0,40,79294.95636297915,1.1902144832155836e-5,0.0034129692832764505,0.962457337883959,0.9658703071672355
0,40,79294.95636297915,3.235338401693695e-5,0.0034129692832764505,0.9658703071672355,0.9692832764505119
0,40,79294.95636297915,4.128512422330579e-5,0.0034129692832764505,0.9692832764505119,0.9726962457337884
0,40,79294.95636297915,1.8096484706319773e-4,0.0034129692832764505,0.9726962457337884,0.9761092150170648
0,40,79294.95636297915,2.3236346315615587e-4,0.0034129692832764505,0.9761092150170648,0.9795221843003413
0,40,130735.28121488221,1.518794842796331e-5,0.0034129692832764505,0.9795221843003413,0.9829351535836177
0,40,130735.28121488221,5.184729674667683e-5,0.0034129692832764505,0.9829351535836177,0.9863481228668942
0,40,130735.28121488221,6.657324680928471e-5,0.0034129692832764505,0.9863481228668942,0.9897610921501706
0,40,130735.28121488221,8.548174097454765e-5,0.0034129692832764505,0.9897610921501706,0.9931740614334471
0,40,215546.0389699392,8.548174097454765e-5,0.0034129692832764505,0.9931740614334471,0.9965870307167236
0,40,7137904.498395442,7.561634267506011e-7,0.0034129692832764505,0.9965870307167236,1
0,60,26.60049444093999,0.25481747850430997,0.041353383458646614,-0.01,0.041353383458646614
0,60,5.935372584634358,0.8894003915357025,0.03759398496240601,0.041353383458646614,0.07894736842105263
0,60,3.599985449398555,0.6926657213920191,0.03007518796992481,0.07894736842105263,0.10902255639097744
0,60,5.935372584634358,0.539448606226824,0.03007518796992481,0.10902255639097744,0.13909774436090225
0,60,9.785775029817062,0.4201229969562285,0.03007518796992481,0.13909774436090225,0.16917293233082706
0,60,9.785775029817062,0.539448606226824,0.03007518796992481,0.16917293233082706,0.19924812030075187
0,60,9.785775029817062,0.6926657213920191,0.03007518796992481,0.19924812030075187,0.22932330827067668
0,60,16.13401544194557,0.4201229969562285,0.03007518796992481,0.22932330827067668,0.2593984962406015
0,60,3.599985449398555,1.1420127083438707,0.02631578947368421,0.2593984962406015,0.2857142857142857
0,60,16.13401544194557,0.32719211901581624,0.02631578947368421,0.2857142857142857,0.3120300751879699
0,60,43.85680099591828,0.19845205179943748,0.02631578947368421,0.3120300751879699,0.3383458646616541
0,60,3.599985449398555,0.539448606226824,0.022556390977443608,0.3383458646616541,0.3609022556390977
0,60,26.60049444093999,0.4201229969562285,0.022556390977443608,0.3609022556390977,0.38345864661654133
0,60,2.183501549579587,0.539448606226824,0.018796992481203006,0.38345864661654133,0.4022556390977443
0,60,5.935372584634358,0.6926657213920191,0.018796992481203006,0.4022556390977443,0.42105263157894735
0,60,16.13401544194557,0.539448606226824,0.018796992481203006,0.42105263157894735,0.4398496240601504
0,60,2.183501549579587,0.6926657213920191,0.015037593984962405,0.4398496240601504,0.4548872180451128
0,60,2.183501549579587,1.1420127083438707,0.015037593984962405,0.4548872180451128,0.4699248120300752
0,60,3.599985449398555,0.8894003915357025,0.015037593984962405,0.4699248120300752,0.4849624060150376
0,60,5.935372584634358,0.4201229969562285,0.015037593984962405,0.4849624060150376,0.5
0,60,26.60049444093999,0.32719211901581624,0.015037593984962405,0.5,0.5150375939849624
0,60,72.30764066683302,0.15455461334352893,0.015037593984962405,0.5150375939849624,0.5300751879699248
0,60,119.2151452015492,0.09374211159288157,0.015037593984962405,0.5300751879699248,0.5451127819548872
0,60,215546.0389699392,6.657324680928471e-5,0.015037593984962405,0.5451127819548872,0.5601503759398496
0,60,0.8032653298563167,0.8894003915357025,0.011278195488721804,0.5601503759398496,0.5714285714285714
0,60,0.8032653298563167,1.4663733436939348,0.011278195488721804,0.5714285714285714,0.5827067669172932
0,60,5.935372584634358,1.1420127083438707,0.011278195488721804,0.5827067669172932,0.593984962406015
0,60,43.85680099591828,0.32719211901581624,0.011278195488721804,0.593984962406015,0.6052631578947368
0,60,196.55254568339848,0.07300642991530318,0.011278195488721804,0.6052631578947368,0.6165413533834586
0,60,79294.95636297915,1.8096484706319773e-4,0.011278195488721804,0.6165413533834586,0.6278195488721804
0,60,215546.0389699392,5.184729674667683e-5,0.011278195488721804,0.6278195488721804,0.6390977443609023
0,60,0.4872050504420379,1.4663733436939348,0.007518796992481203,0.6390977443609023,0.6466165413533834
0,60,0.8032653298563167,1.1420127083438707,0.007518796992481203,0.6466165413533834,0.6541353383458646
0,60,1.324360635350064,0.4201229969562285,0.007518796992481203,0.6541353383458646,0.6616541353383458
0,60,1.324360635350064,1.4663733436939348,0.007518796992481203,0.6616541353383458,0.6691729323308271
0,60,3.599985449398555,1.4663733436939348,0.007518796992481203,0.6691729323308271,0.6766917293233082
0,60,5.935372584634358,0.32719211901581624,0.007518796992481203,0.6766917293233082,0.6842105263157894
0,60,9.785775029817062,0.8894003915357025,0.007518796992481203,0.6842105263157894,0.6917293233082706
0,60,16.13401544194557,0.12036725389923852,0.007518796992481203,0.6917293233082706,0.6992481203007519
0,60,16.13401544194557,0.25481747850430997,0.007518796992481203,0.6992481203007519,0.706766917293233
0,60,26.60049444093999,0.19845205179943748,0.007518796992481203,0.706766917293233,0.7142857142857142
0,60,26.60049444093999,0.539448606226824,0.007518796992481203,0.7142857142857142,0.7218045112781954
0,60,43.85680099591828,0.15455461334352893,0.007518796992481203,0.7218045112781954,0.7293233082706767
0,60,43.85680099591828,0.25481747850430997,0.007518796992481203,0.7293233082706767,0.7368421052631579
0,60,43.85680099591828,0.4201229969562285,0.007518796992481203,0.7368421052631579,0.744360902255639
0,60,72.30764066683302,0.19845205179943748,0.007518796992481203,0.744360902255639,0.7518796992481203
0,60,119.2151452015492,0.07300642991530318,0.007518796992481203,0.7518796992481203,0.7593984962406015
0,60,119.2151452015492,0.19845205179943748,0.007518796992481203,0.7593984962406015,0.7669172932330827
0,60,324.06036287847775,0.034485795627020255,0.007518796992481203,0.7669172932330827,0.7744360902255638
0,60,130735.28121488221,1.8096484706319773e-4,0.007518796992481203,0.7744360902255638,0.7819548872180451
0,60,355375.3392648975,1.518794842796331e-5,0.007518796992481203,0.7819548872180451,0.7894736842105263
0,60,966010.327006239,1.518794842796331e-5,0.007518796992481203,0.7894736842105263,0.7969924812030075
0,60,0.0032827618075652125,0.6926657213920191,0.0037593984962406013,0.7969924812030075,0.8007518796992481
0,60,0.014712317713488243,1.1420127083438707,0.0037593984962406013,0.8007518796992481,0.8045112781954886
0,60,0.06593603349588137,0.539448606226824,0.0037593984962406013,0.8045112781954886,0.8082706766917293
0,60,0.17923272169252125,1.1420127083438707,0.0037593984962406013,0.8082706766917293,0.8120300751879699
0,60,0.29550480065993606,0.8894003915357025,0.0037593984962406013,0.8120300751879699,0.8157894736842105
0,60,0.29550480065993606,1.4663733436939348,0.0037593984962406013,0.8157894736842105,0.8195488721804511
0,60,0.29550480065993606,1.8828606436564015,0.0037593984962406013,0.8195488721804511,0.8233082706766917
0,60,0.4872050504420379,0.4201229969562285,0.0037593984962406013,0.8233082706766917,0.8270676691729323
0,60,0.4872050504420379,0.539448606226824,0.0037593984962406013,0.8270676691729323,0.8308270676691729
0,60,0.4872050504420379,0.6926657213920191,0.0037593984962406013,0.8308270676691729,0.8345864661654134
0,60,0.4872050504420379,0.8894003915357025,0.0037593984962406013,0.8345864661654134,0.8383458646616541
0,60,0.4872050504420379,1.1420127083438707,0.0037593984962406013,0.8383458646616541,0.8421052631578947
0,60,0.8032653298563167,0.4201229969562285,0.0037593984962406013,0.8421052631578947,0.8458646616541353
0,60,0.8032653298563167,0.539448606226824,0.0037593984962406013,0.8458646616541353,0.849624060150376
0,60,1.324360635350064,0.32719211901581624,0.0037593984962406013,0.849624060150376,0.8533834586466165
0,60,1.324360635350064,0.6926657213920191,0.0037593984962406013,0.8533834586466165,0.8571428571428571
0,60,1.324360635350064,1.8828606436564015,0.0037593984962406013,0.8571428571428571,0.8609022556390977
0,60,2.183501549579587,0.8894003915357025,0.0037593984962406013,0.8609022556390977,0.8646616541353382
0,60,2.183501549579587,1.4663733436939348,0.0037593984962406013,0.8646616541353382,0.8684210526315789
0,60,3.599985449398555,1.8828606436564015,0.0037593984962406013,0.8684210526315789,0.8721804511278195
0,60,9.785775029817062,0.32719211901581624,0.0037593984962406013,0.8721804511278195,0.8759398496240601
0,60,16.13401544194557,0.19845205179943748,0.0037593984962406013,0.8759398496240601,0.8796992481203008
0,60,26.60049444093999,0.15455461334352893,0.0037593984962406013,0.8796992481203008,0.8834586466165413
0,60,26.60049444093999,0.6926657213920191,0.0037593984962406013,0.8834586466165413,0.8872180451127819
0,60,43.85680099591828,0.09374211159288157,0.0037593984962406013,0.8872180451127819,0.8909774436090225
0,60,43.85680099591828,0.12036725389923852,0.0037593984962406013,0.8909774436090225,0.894736842105263
0,60,72.30764066683302,0.04428063809979298,0.0037593984962406013,0.894736842105263,0.8984962406015037
0,60,72.30764066683302,0.09374211159288157,0.0037593984962406013,0.8984962406015037,0.9022556390977443
0,60,119.2151452015492,0.05685746478728576,0.0037593984962406013,0.9022556390977443,0.9060150375939849
0,60,119.2151452015492,0.12036725389923852,0.0037593984962406013,0.9060150375939849,0.9097744360902256
0,60,196.55254568339848,0.034485795627020255,0.0037593984962406013,0.9097744360902256,0.9135338345864661
0,60,196.55254568339848,0.05685746478728576,0.0037593984962406013,0.9135338345864661,0.9172932330827067
0,60,196.55254568339848,0.09374211159288157,0.0037593984962406013,0.9172932330827067,0.9210526315789473
0,60,324.06036287847775,0.02091669237237164,0.0037593984962406013,0.9210526315789473,0.9248120300751879
0,60,324.06036287847775,0.05685746478728576,0.0037593984962406013,0.9248120300751879,0.9285714285714285
0,60,534.2852132685484,0.026857564639163806,0.0037593984962406013,0.9285714285714285,0.9323308270676691
0,60,534.2852132685484,0.034485795627020255,0.0037593984962406013,0.9323308270676691,0.9360902255639098
0,60,1452.337786442261,0.0076948211011030505,0.0037593984962406013,0.9360902255639098,0.9398496240601504
0,60,48094.82219472223,1.0976072807403713e-4,0.0037593984962406013,0.9398496240601504,0.9436090225563909
0,60,48094.82219472223,2.3236346315615587e-4,0.0037593984962406013,0.9436090225563909,0.9473684210526315
0,60,79294.95636297915,8.548174097454765e-5,0.0037593984962406013,0.9473684210526315,0.9511278195488722
0,60,79294.95636297915,1.409355646012154e-4,0.0037593984962406013,0.9511278195488722,0.9548872180451127
0,60,130735.28121488221,5.184729674667683e-5,0.0037593984962406013,0.9548872180451127,0.9586466165413533
0,60,130735.28121488221,8.548174097454765e-5,0.0037593984962406013,0.9586466165413533,0.9624060150375939
0,60,130735.28121488221,1.0976072807403713e-4,0.0037593984962406013,0.9624060150375939,0.9661654135338346
0,60,215546.0389699392,4.128512422330579e-5,0.0037593984962406013,0.9661654135338346,0.9699248120300752
0,60,215546.0389699392,1.409355646012154e-4,0.0037593984962406013,0.9699248120300752,0.9736842105263157
0,60,355375.3392648975,1.8550602100708792e-5,0.0037593984962406013,0.9736842105263157,0.9774436090225563
0,60,355375.3392648975,3.235338401693695e-5,0.0037593984962406013,0.9774436090225563,0.981203007518797
0,60,355375.3392648975,4.128512422330579e-5,0.0037593984962406013,0.981203007518797,0.9849624060150375
0,60,585914.8809283109,1.8550602100708792e-5,0.0037593984962406013,0.9849624060150375,0.9887218045112781
0,60,585914.8809283109,2.396797638045954e-5,0.0037593984962406013,0.9887218045112781,0.9924812030075187
0,60,585914.8809283109,4.128512422330579e-5,0.0037593984962406013,0.9924812030075187,0.9962406015037594
0,60,1592681.7738511728,2.5105509895091262e-6,0.0037593984962406013,0.9962406015037594,1
0,80,16.13401544194557,0.32719211901581624,0.061224489795918366,-0.01,0.061224489795918366
0,80,2.183501549579587,0.8894003915357025,0.034013605442176874,0.061224489795918366,0.09523809523809523
0,80,5.935372584634358,0.6926657213920191,0.034013605442176874,0.09523809523809523,0.1292517006802721
0,80,9.785775029817062,0.6926657213920191,0.034013605442176874,0.1292517006802721,0.163265306122449
0,80,16.13401544194557,0.25481747850430997,0.034013605442176874,0.163265306122449,0.19727891156462585
0,80,16.13401544194557,0.539448606226824,0.034013605442176874,0.19727891156462585,0.23129251700680273
0,80,26.60049444093999,0.4201229969562285,0.034013605442176874,0.23129251700680273,0.2653061224489796
0,80,3.599985449398555,0.8894003915357025,0.027210884353741496,0.2653061224489796,0.2925170068027211
0,80,5.935372584634358,0.8894003915357025,0.027210884353741496,0.2925170068027211,0.3197278911564626
0,80,3.599985449398555,0.539448606226824,0.02040816326530612,0.3197278911564626,0.3401360544217687
0,80,3.599985449398555,0.6926657213920191,0.02040816326530612,0.3401360544217687,0.36054421768707484
0,80,9.785775029817062,0.539448606226824,0.02040816326530612,0.36054421768707484,0.380952380952381
0,80,16.13401544194557,0.4201229969562285,0.02040816326530612,0.380952380952381,0.4013605442176871
0,80,43.85680099591828,0.25481747850430997,0.02040816326530612,0.4013605442176871,0.4217687074829932
0,80,72.30764066683302,0.15455461334352893,0.02040816326530612,0.4217687074829932,0.4421768707482993
0,80,2.183501549579587,0.539448606226824,0.013605442176870748,0.4421768707482993,0.4557823129251701
0,80,2.183501549579587,1.1420127083438707,0.013605442176870748,0.4557823129251701,0.46938775510204084
0,80,3.599985449398555,1.1420127083438707,0.013605442176870748,0.46938775510204084,0.48299319727891155
0,80,3.599985449398555,1.4663733436939348,0.013605442176870748,0.48299319727891155,0.4965986394557823
0,80,5.935372584634358,0.539448606226824,0.013605442176870748,0.4965986394557823,0.5102040816326531
0,80,9.785775029817062,0.32719211901581624,0.013605442176870748,0.5102040816326531,0.5238095238095238
0,80,9.785775029817062,0.4201229969562285,0.013605442176870748,0.5238095238095238,0.5374149659863946
0,80,26.60049444093999,0.25481747850430997,0.013605442176870748,0.5374149659863946,0.5510204081632653
0,80,26.60049444093999,0.539448606226824,0.013605442176870748,0.5510204081632653,0.564625850340136
0,80,26.60049444093999,0.6926657213920191,0.013605442176870748,0.564625850340136,0.5782312925170068
0,80,43.85680099591828,0.19845205179943748,0.013605442176870748,0.5782312925170068,0.5918367346938775
0,80,196.55254568339848,0.05685746478728576,0.013605442176870748,0.5918367346938775,0.6054421768707483
0,80,48094.82219472223,2.3236346315615587e-4,0.013605442176870748,0.6054421768707483,0.6190476190476191
0,80,130735.28121488221,1.0976072807403713e-4,0.013605442176870748,0.6190476190476191,0.6326530612244898
0,80,1.6556532444126501e-9,1.4663733436939348,0.006802721088435374,0.6326530612244898,0.6394557823129252
0,80,0.0012076605792660444,1.1420127083438707,0.006802721088435374,0.6394557823129252,0.6462585034013606
0,80,0.03999222589509122,1.1420127083438707,0.006802721088435374,0.6462585034013606,0.6530612244897959
0,80,0.03999222589509122,1.4663733436939348,0.006802721088435374,0.6530612244897959,0.6598639455782312
0,80,0.06593603349588137,0.8894003915357025,0.006802721088435374,0.6598639455782312,0.6666666666666666
0,80,0.17923272169252125,0.6926657213920191,0.006802721088435374,0.6666666666666666,0.673469387755102
0,80,0.17923272169252125,1.8828606436564015,0.006802721088435374,0.673469387755102,0.6802721088435374
0,80,0.17923272169252125,2.4176409225358597,0.006802721088435374,0.6802721088435374,0.6870748299319728
0,80,0.8032653298563167,0.539448606226824,0.006802721088435374,0.6870748299319728,0.6938775510204082
0,80,0.8032653298563167,0.8894003915357025,0.006802721088435374,0.6938775510204082,0.7006802721088435
0,80,0.8032653298563167,1.1420127083438707,0.006802721088435374,0.7006802721088435,0.7074829931972789
0,80,0.8032653298563167,1.4663733436939348,0.006802721088435374,0.7074829931972789,0.7142857142857143
0,80,1.324360635350064,0.539448606226824,0.006802721088435374,0.7142857142857143,0.7210884353741497
0,80,1.324360635350064,0.6926657213920191,0.006802721088435374,0.7210884353741497,0.7278911564625851
0,80,1.324360635350064,1.4663733436939348,0.006802721088435374,0.7278911564625851,0.7346938775510204
0,80,2.183501549579587,0.6926657213920191,0.006802721088435374,0.7346938775510204,0.7414965986394558
0,80,3.599985449398555,0.4201229969562285,0.006802721088435374,0.7414965986394558,0.7482993197278911
0,80,5.935372584634358,0.25481747850430997,0.006802721088435374,0.7482993197278911,0.7551020408163265
0,80,5.935372584634358,0.4201229969562285,0.006802721088435374,0.7551020408163265,0.7619047619047619
0,80,5.935372584634358,1.1420127083438707,0.006802721088435374,0.7619047619047619,0.7687074829931972
0,80,9.785775029817062,0.25481747850430997,0.006802721088435374,0.7687074829931972,0.7755102040816326
0,80,9.785775029817062,0.8894003915357025,0.006802721088435374,0.7755102040816326,0.782312925170068
0,80,16.13401544194557,0.19845205179943748,0.006802721088435374,0.782312925170068,0.7891156462585034
0,80,16.13401544194557,0.6926657213920191,0.006802721088435374,0.7891156462585034,0.7959183673469388
0,80,26.60049444093999,0.19845205179943748,0.006802721088435374,0.7959183673469388,0.8027210884353742
0,80,26.60049444093999,0.32719211901581624,0.006802721088435374,0.8027210884353742,0.8095238095238095
0,80,43.85680099591828,0.12036725389923852,0.006802721088435374,0.8095238095238095,0.8163265306122449
0,80,43.85680099591828,0.15455461334352893,0.006802721088435374,0.8163265306122449,0.8231292517006803
0,80,43.85680099591828,0.32719211901581624,0.006802721088435374,0.8231292517006803,0.8299319727891157
0,80,43.85680099591828,0.4201229969562285,0.006802721088435374,0.8299319727891157,0.8367346938775511
0,80,72.30764066683302,0.12036725389923852,0.006802721088435374,0.8367346938775511,0.8435374149659863
0,80,72.30764066683302,0.19845205179943748,0.006802721088435374,0.8435374149659863,0.8503401360544217
0,80,72.30764066683302,0.25481747850430997,0.006802721088435374,0.8503401360544217,0.8571428571428571
0,80,72.30764066683302,0.32719211901581624,0.006802721088435374,0.8571428571428571,0.8639455782312925
0,80,119.2151452015492,0.19845205179943748,0.006802721088435374,0.8639455782312925,0.8707482993197279
0,80,196.55254568339848,0.07300642991530318,0.006802721088435374,0.8707482993197279,0.8775510204081632
0,80,196.55254568339848,0.09374211159288157,0.006802721088435374,0.8775510204081632,0.8843537414965986
0,80,324.06036287847775,0.026857564639163806,0.006802721088435374,0.8843537414965986,0.891156462585034
0,80,534.2852132685484,0.026857564639163806,0.006802721088435374,0.891156462585034,0.8979591836734694
0,80,534.2852132685484,0.034485795627020255,0.006802721088435374,0.8979591836734694,0.9047619047619048
0,80,534.2852132685484,0.04428063809979298,0.006802721088435374,0.9047619047619048,0.9115646258503401
0,80,880.8873957364101,0.02091669237237164,0.006802721088435374,0.9115646258503401,0.9183673469387755
0,80,1452.337786442261,0.00988034587068147,0.006802721088435374,0.9183673469387755,0.9251700680272109
0,80,3947.8634136704313,0.005992732699133425,0.006802721088435374,0.9251700680272109,0.9319727891156463
0,80,79294.95636297915,8.548174097454765e-5,0.006802721088435374,0.9319727891156463,0.9387755102040816
0,80,79294.95636297915,1.409355646012154e-4,0.006802721088435374,0.9387755102040816,0.945578231292517
0,80,79294.95636297915,1.8096484706319773e-4,0.006802721088435374,0.945578231292517,0.9523809523809523
0,80,79294.95636297915,2.3236346315615587e-4,0.006802721088435374,0.9523809523809523,0.9591836734693877
0,80,79294.95636297915,2.983605926020897e-4,0.006802721088435374,0.9591836734693877,0.9659863945578231
0,80,130735.28121488221,8.548174097454765e-5,0.006802721088435374,0.9659863945578231,0.9727891156462585
0,80,355375.3392648975,4.128512422330579e-5,0.006802721088435374,0.9727891156462585,0.9795918367346939
0,80,585914.8809283109,1.1902144832155836e-5,0.006802721088435374,0.9795918367346939,0.9863945578231292
0,80,585914.8809283109,4.128512422330579e-5,0.006802721088435374,0.9863945578231292,0.9931972789115646
0,80,966010.327006239,4.37855438959506e-6,0.006802721088435374,0.9931972789115646,1
0,100,3.599985449398555,0.8894003915357025,0.06557377049180328,-0.01,0.06557377049180328
0,100,5.935372584634358,0.6926657213920191,0.06557377049180328,0.06557377049180328,0.13114754098360656
0,100,0.4872050504420379,0.8894003915357025,0.04918032786885246,0.13114754098360656,0.18032786885245902
0,100,3.599985449398555,0.6926657213920191,0.04918032786885246,0.18032786885245902,0.22950819672131148
0,100,9.785775029817062,0.4201229969562285,0.04918032786885246,0.22950819672131148,0.2786885245901639
0,100,26.60049444093999,0.4201229969562285,0.04918032786885246,0.2786885245901639,0.3278688524590164
0,100,0.4872050504420379,1.4663733436939348,0.03278688524590164,0.3278688524590164,0.36065573770491804
0,100,2.183501549579587,0.8894003915357025,0.03278688524590164,0.36065573770491804,0.39344262295081966
0,100,5.935372584634358,0.4201229969562285,0.03278688524590164,0.39344262295081966,0.42622950819672134
0,100,5.935372584634358,1.1420127083438707,0.03278688524590164,0.42622950819672134,0.45901639344262296
0,100,16.13401544194557,0.32719211901581624,0.03278688524590164,0.45901639344262296,0.4918032786885246
0,100,16.13401544194557,0.4201229969562285,0.03278688524590164,0.4918032786885246,0.5245901639344263
0,100,43.85680099591828,0.25481747850430997,0.03278688524590164,0.5245901639344263,0.5573770491803279
0,100,585914.8809283109,3.235338401693695e-5,0.03278688524590164,0.5573770491803279,0.5901639344262295
0,100,0.4872050504420379,1.1420127083438707,0.01639344262295082,0.5901639344262295,0.6065573770491803
0,100,0.8032653298563167,0.539448606226824,0.01639344262295082,0.6065573770491803,0.6229508196721312
0,100,0.8032653298563167,0.6926657213920191,0.01639344262295082,0.6229508196721312,0.639344262295082
0,100,0.8032653298563167,1.4663733436939348,0.01639344262295082,0.639344262295082,0.6557377049180328
0,100,1.324360635350064,1.1420127083438707,0.01639344262295082,0.6557377049180328,0.6721311475409836
0,100,2.183501549579587,1.1420127083438707,0.01639344262295082,0.6721311475409836,0.6885245901639344
0,100,3.599985449398555,0.25481747850430997,0.01639344262295082,0.6885245901639344,0.7049180327868853
0,100,3.599985449398555,0.4201229969562285,0.01639344262295082,0.7049180327868853,0.7213114754098361
0,100,5.935372584634358,0.539448606226824,0.01639344262295082,0.7213114754098361,0.7377049180327869
0,100,5.935372584634358,0.8894003915357025,0.01639344262295082,0.7377049180327869,0.7540983606557378
0,100,9.785775029817062,0.32719211901581624,0.01639344262295082,0.7540983606557378,0.7704918032786886
0,100,9.785775029817062,0.539448606226824,0.01639344262295082,0.7704918032786886,0.7868852459016393
0,100,9.785775029817062,0.6926657213920191,0.01639344262295082,0.7868852459016393,0.8032786885245902
0,100,9.785775029817062,0.8894003915357025,0.01639344262295082,0.8032786885245902,0.819672131147541
0,100,16.13401544194557,0.19845205179943748,0.01639344262295082,0.819672131147541,0.8360655737704918
0,100,16.13401544194557,0.539448606226824,0.01639344262295082,0.8360655737704918,0.8524590163934427
0,100,26.60049444093999,0.25481747850430997,0.01639344262295082,0.8524590163934427,0.8688524590163935
0,100,26.60049444093999,0.32719211901581624,0.01639344262295082,0.8688524590163935,0.8852459016393442
0,100,43.85680099591828,0.19845205179943748,0.01639344262295082,0.8852459016393442,0.9016393442622951
0,100,43.85680099591828,0.32719211901581624,0.01639344262295082,0.9016393442622951,0.9180327868852459
0,100,119.2151452015492,0.09374211159288157,0.01639344262295082,0.9180327868852459,0.9344262295081968
0,100,48094.82219472223,1.8096484706319773e-4,0.01639344262295082,0.9344262295081968,0.9508196721311476
0,100,79294.95636297915,1.8096484706319773e-4,0.01639344262295082,0.9508196721311476,0.9672131147540984
0,100,130735.28121488221,1.0976072807403713e-4,0.01639344262295082,0.9672131147540984,0.9836065573770492
0,100,130735.28121488221,2.983605926020897e-4,0.01639344262295082,0.9836065573770492,1
1,0,0.8032653298563167,2.4176409225358597,0.0625,-0.01,0.0625
1,0,0.4872050504420379,1.4663733436939348,0.041666666666666664,0.0625,0.10416666666666666
1,0,2.183501549579587,1.8828606436564015,0.041666666666666664,0.10416666666666666,0.14583333333333331
1,0,5.935372584634358,0.539448606226824,0.041666666666666664,0.14583333333333331,0.1875
1,0,0.014712317713488243,3.104312392960443,0.020833333333333332,0.1875,0.20833333333333331
1,0,0.06593603349588137,1.8828606436564015,0.020833333333333332,0.20833333333333331,0.22916666666666666
1,0,0.10871014093025574,0.539448606226824,0.020833333333333332,0.22916666666666666,0.25
1,0,0.10871014093025574,2.4176409225358597,0.020833333333333332,0.25,0.2708333333333333
1,0,0.10871014093025574,3.104312392960443,0.020833333333333332,0.2708333333333333,0.29166666666666663
1,0,0.29550480065993606,1.1420127083438707,0.020833333333333332,0.29166666666666663,0.3125
1,0,0.29550480065993606,1.4663733436939348,0.020833333333333332,0.3125,0.3333333333333333
1,0,0.4872050504420379,1.1420127083438707,0.020833333333333332,0.3333333333333333,0.35416666666666663
1,0,0.4872050504420379,2.4176409225358597,0.020833333333333332,0.35416666666666663,0.375
1,0,0.8032653298563167,1.8828606436564015,0.020833333333333332,0.375,0.3958333333333333
1,0,1.324360635350064,0.8894003915357025,0.020833333333333332,0.3958333333333333,0.41666666666666663
1,0,1.324360635350064,1.4663733436939348,0.020833333333333332,0.41666666666666663,0.4375
1,0,1.324360635350064,1.8828606436564015,0.020833333333333332,0.4375,0.4583333333333333
1,0,2.183501549579587,0.32719211901581624,0.020833333333333332,0.4583333333333333,0.47916666666666663
1,0,2.183501549579587,0.6926657213920191,0.020833333333333332,0.47916666666666663,0.5
1,0,2.183501549579587,0.8894003915357025,0.020833333333333332,0.5,0.5208333333333333
1,0,2.183501549579587,1.1420127083438707,0.020833333333333332,0.5208333333333333,0.5416666666666666
1,0,3.599985449398555,0.539448606226824,0.020833333333333332,0.5416666666666666,0.5625
1,0,3.599985449398555,0.6926657213920191,0.020833333333333332,0.5625,0.5833333333333333
1,0,3.599985449398555,0.8894003915357025,0.020833333333333332,0.5833333333333333,0.6041666666666666
1,0,9.785775029817062,0.32719211901581624,0.020833333333333332,0.6041666666666666,0.625
1,0,9.785775029817062,0.6926657213920191,0.020833333333333332,0.625,0.6458333333333333
1,0,16.13401544194557,0.4201229969562285,0.020833333333333332,0.6458333333333333,0.6666666666666666
1,0,16.13401544194557,0.539448606226824,0.020833333333333332,0.6666666666666666,0.6875
1,0,16.13401544194557,0.6926657213920191,0.020833333333333332,0.6875,0.7083333333333333
1,0,16.13401544194557,0.8894003915357025,0.020833333333333332,0.7083333333333333,0.7291666666666666
1,0,26.60049444093999,0.32719211901581624,0.020833333333333332,0.7291666666666666,0.75
1,0,43.85680099591828,0.05685746478728576,0.020833333333333332,0.75,0.7708333333333333
1,0,119.2151452015492,0.026857564639163806,0.020833333333333332,0.7708333333333333,0.7916666666666666
1,0,119.2151452015492,0.09374211159288157,0.020833333333333332,0.7916666666666666,0.8125
1,0,17693.096312234295,4.919134553617605e-4,0.020833333333333332,0.8125,0.8333333333333333
1,0,29170.984234526677,1.0976072807403713e-4,0.020833333333333332,0.8333333333333333,0.8541666666666666
1,0,29170.984234526677,1.409355646012154e-4,0.020833333333333332,0.8541666666666666,0.875
1,0,29170.984234526677,1.8096484706319773e-4,0.020833333333333332,0.875,0.8958333333333333
1,0,48094.82219472223,8.548174097454765e-5,0.020833333333333332,0.8958333333333333,0.9166666666666666
1,0,48094.82219472223,1.0976072807403713e-4,0.020833333333333332,0.9166666666666666,0.9375
1,0,48094.82219472223,1.409355646012154e-4,0.020833333333333332,0.9375,0.9583333333333333
1,0,48094.82219472223,3.8310258423909966e-4,0.020833333333333332,0.9583333333333333,0.9791666666666666
1,0,215546.0389699392,6.657324680928471e-5,0.020833333333333332,0.9791666666666666,1
1,20,3.599985449398555,0.539448606226824,0.06666666666666667,-0.01,0.06666666666666667
1,20,130735.28121488221,1.8096484706319773e-4,0.06666666666666667,0.06666666666666667,0.13333333333333333
1,20,0.17923272169252125,1.8828606436564015,0.03333333333333333,0.13333333333333333,0.16666666666666666
1,20,0.17923272169252125,3.104312392960443,0.03333333333333333,0.16666666666666666,0.2
1,20,0.8032653298563167,2.4176409225358597,0.03333333333333333,0.2,0.23333333333333334
1,20,1.324360635350064,0.8894003915357025,0.03333333333333333,0.23333333333333334,0.26666666666666666
1,20,2.183501549579587,0.539448606226824,0.03333333333333333,0.26666666666666666,0.3
1,20,2.183501549579587,0.8894003915357025,0.03333333333333333,0.3,0.3333333333333333
1,20,2.183501549579587,1.1420127083438707,0.03333333333333333,0.3333333333333333,0.36666666666666664
1,20,2.183501549579587,1.8828606436564015,0.03333333333333333,0.36666666666666664,0.4
1,20,2.183501549579587,2.4176409225358597,0.03333333333333333,0.4,0.43333333333333335
1,20,5.935372584634358,0.6926657213920191,0.03333333333333333,0.43333333333333335,0.4666666666666667
1,20,5.935372584634358,0.8894003915357025,0.03333333333333333,0.4666666666666667,0.5
1,20,16.13401544194557,0.19845205179943748,0.03333333333333333,0.5,0.5333333333333333
1,20,16.13401544194557,0.32719211901581624,0.03333333333333333,0.5333333333333333,0.5666666666666667
1,20,16.13401544194557,0.6926657213920191,0.03333333333333333,0.5666666666666667,0.6
1,20,16.13401544194557,0.8894003915357025,0.03333333333333333,0.6,0.6333333333333333
1,20,26.60049444093999,0.19845205179943748,0.03333333333333333,0.6333333333333333,0.6666666666666666
1,20,43.85680099591828,0.25481747850430997,0.03333333333333333,0.6666666666666666,0.7
1,20,43.85680099591828,0.32719211901581624,0.03333333333333333,0.7,0.7333333333333333
1,20,119.2151452015492,0.15455461334352893,0.03333333333333333,0.7333333333333333,0.7666666666666666
1,20,196.55254568339848,0.19845205179943748,0.03333333333333333,0.7666666666666666,0.8
1,20,880.8873957364101,0.02091669237237164,0.03333333333333333,0.8,0.8333333333333334
1,20,48094.82219472223,1.8096484706319773e-4,0.03333333333333333,0.8333333333333334,0.8666666666666667
1,20,79294.95636297915,4.128512422330579e-5,0.03333333333333333,0.8666666666666667,0.9
1,20,79294.95636297915,2.983605926020897e-4,0.03333333333333333,0.9,0.9333333333333333
1,20,130735.28121488221,6.657324680928471e-5,0.03333333333333333,0.9333333333333333,0.9666666666666667
1,20,130735.28121488221,1.0976072807403713e-4,0.03333333333333333,0.9666666666666667,1
1,40,2.183501549579587,1.4663733436939348,0.10526315789473684,-0.01,0.10526315789473684
1,40,0.4872050504420379,1.1420127083438707,0.05263157894736842,0.10526315789473684,0.15789473684210525
1,40,1.324360635350064,0.539448606226824,0.05263157894736842,0.15789473684210525,0.21052631578947367
1,40,2.183501549579587,0.6926657213920191,0.05263157894736842,0.21052631578947367,0.2631578947368421
1,40,3.599985449398555,0.6926657213920191,0.05263157894736842,0.2631578947368421,0.3157894736842105
1,40,3.599985449398555,0.8894003915357025,0.05263157894736842,0.3157894736842105,0.3684210526315789
1,40,5.935372584634358,0.8894003915357025,0.05263157894736842,0.3684210526315789,0.42105263157894735
1,40,9.785775029817062,0.539448606226824,0.05263157894736842,0.42105263157894735,0.47368421052631576
1,40,9.785775029817062,0.8894003915357025,0.05263157894736842,0.47368421052631576,0.5263157894736842
1,40,16.13401544194557,0.32719211901581624,0.05263157894736842,0.5263157894736842,0.5789473684210527
1,40,16.13401544194557,0.8894003915357025,0.05263157894736842,0.5789473684210527,0.631578947368421
1,40,26.60049444093999,0.19845205179943748,0.05263157894736842,0.631578947368421,0.6842105263157894
1,40,26.60049444093999,0.8894003915357025,0.05263157894736842,0.6842105263157894,0.7368421052631579
1,40,43.85680099591828,0.09374211159288157,0.05263157894736842,0.7368421052631579,0.7894736842105263
1,40,72.30764066683302,0.15455461334352893,0.05263157894736842,0.7894736842105263,0.8421052631578947
1,40,119.2151452015492,0.07300642991530318,0.05263157894736842,0.8421052631578947,0.894736842105263
1,40,119.2151452015492,0.25481747850430997,0.05263157894736842,0.894736842105263,0.9473684210526315
1,40,130735.28121488221,8.548174097454765e-5,0.05263157894736842,0.9473684210526315,1
1,60,9.785775029817062,0.6926657213920191,0.13333333333333333,-0.01,0.13333333333333333
1,60,26.60049444093999,0.539448606226824,0.13333333333333333,0.13333333333333333,0.26666666666666666
1,60,0.0032827618075652125,0.8894003915357025,0.06666666666666667,0.26666666666666666,0.3333333333333333
1,60,1.324360635350064,1.1420127083438707,0.06666666666666667,0.3333333333333333,0.4
1,60,3.599985449398555,0.4201229969562285,0.06666666666666667,0.4,0.4666666666666667
1,60,3.599985449398555,0.6926657213920191,0.06666666666666667,0.4666666666666667,0.5333333333333333
1,60,9.785775029817062,0.8894003915357025,0.06666666666666667,0.5333333333333333,0.6
1,60,16.13401544194557,0.4201229969562285,0.06666666666666667,0.6,0.6666666666666666
1,60,16.13401544194557,0.539448606226824,0.06666666666666667,0.6666666666666666,0.7333333333333333
1,60,43.85680099591828,0.25481747850430997,0.06666666666666667,0.7333333333333333,0.8
1,60,43.85680099591828,0.6926657213920191,0.06666666666666667,0.8,0.8666666666666667
1,60,196.55254568339848,0.09374211159288157,0.06666666666666667,0.8666666666666667,0.9333333333333333
1,60,1452.337786442261,0.016289936398866715,0.06666666666666667,0.9333333333333333,1
